NUMBER,ENGLISH,(other gloss lgs),SegmentedForm,Variants,Comment,Source (key),CONCEPTICON_ID,CONCEPTICON_GLOSS,,
1,EYE,n̪ũʰt̪á ,n̪ ũʰ t̪ á ,,,ura_2002_lex_eye,1248,EYE,,OJO
2,NOSE,aʰs̪í,aʰ s̪ í,,,ura_2002_lex_nose,1221,NOSE,,NARIZ
3,FIRE,iʰs̪í,iʰ s̪ í,,,ura_2002_lex_fire,221,FIRE,,FUEGO
4,WATER,aʰkaɨ́,aʰ k a ɨ́,,,ura_2002_lex_water,948,WATER,,AGUA
5,MOON,aʰt̪an̪ẽ́,aʰ t̪ a n̪ ẽ́,,,ura_2002_lex_moon,1313,MOON,,LUNA
6,EAR,ɨd̺itʃú,ɨ d̺ i tʃ ú,,,ura_2002_lex_ear,1247,EAR,,OREJA
7,TONGUE,l̪el̪é,l̪ e l̪ é,,,ura_2002_lex_tongue,1205,TONGUE,,LENGUA
8,HEAD,kuɨʰtɨɾ̺í,k u ɨʰ t ɨ ɾ̺ í,,,ura_2002_lex_head,1256,HEAD,,CABEZA
9,FISH,aʰt̪é,aʰ t̪ é,,,ura_2002_lex_fish,227,FISH,,PEZ
10,MOUTH,ɨhɨᶭaé,ɨ h ɨᶭ a é,,,ura_2002_lex_mouth,674,MOUTH,,BOCA
11,BLOOD,kujtʃan̪ã́,k u + i tʃ a n a ,,ASC-blood',ura_2002_lex_blood,946,BLOOD,,SANGRE
12,SMALL,l̪auhud̺í,l̪ a u h u d̺ í,,,ura_2002_lex_small,1246,SMALL,,PEQUEÑO
13,GOOD,kawatʃá,k a w a tʃ á,,,ura_2002_lex_good,1035,GOOD,,BIEN
14,TOOTH,kaʰt̪ɨ́,k aʰ t̪ ɨ́,,,ura_2002_lex_tooth,1380,TOOTH,,DIENTE
15,BIG,t̪as̪iṹhũĩ,t a s i ṹ + h a + ĩ ,,be.big-DER-NMLR',ura_2002_lex_big,1202,BIG,,GRANDE
16,SEE,kuad̺aá,k u a d̺ a + a ,,see-NMLR',ura_2002_lex_see,1409,SEE,,VER
17,DOG,d̺ẽmãẽ́,d̺ ẽ m ã ẽ́,,,ura_2002_lex_dog,2009,DOG,,PERRO
18,SLEEP,s̪in̪ĩã́,s i n i + a ,,sleep-NMLR',ura_2002_lex_sleep,1585,SLEEP,,DORMIR
19,BLACK,hiʰtʃuhuái,h i tʃ u + h a + i ,,be.black-DER-NMLR',ura_2002_lex_black,163,BLACK,,NEGRO
20,WHITE,s̪umãhã́ĩ,s u m a + h a + i ,,be.white-DER-NMLR',ura_2002_lex_white,1335,WHITE,,BLANCO
22,LEAF,ahen̪ã́,a h e n̪ ã́,,,ura_2002_lex_leaf,628,LEAF,,HOJA
24,BIRD,t̪ahaé,t̪ a h a é,,,ura_2002_lex_bird,937,BIRD,,PÁJARO
25,STONE,ahed̺í,a h e d̺ í,,,ura_2002_lex_stone,857,STONE,,PIEDRA
26,NIGHT,han̪ũt̪ĩ́ĩ́,hanũ-tĩ́-ĩ́ ,,be.dark-INTENS-NMLR',ura_2002_lex_night,1233,NIGHT,,NOCHE
27,EGG,t̪ahé,t̪ a h é,,,ura_2002_lex_egg,744,EGG,,HUEVO
28,NECK,n̪ɨ̃l̪ɨnṹ; ɨl̪ɨn̪ṹ,n̪ ɨ̃ l̪ ɨ n ṹ,,,ura_2002_lex_neck,1333,NECK,,CUELLO
29,COME,ɨɰá,ɨ ɰ á,,,ura_2002_lex_come,1446,COME,,VENIR
30,BONE,"bɨʰkɨ́, ebɨʰkɨ́",b ɨʰ k ɨ́,e b ɨʰ k ɨ́,,ura_2002_lex_bone,1394,BONE,,HUESO
31,COLD,hel̪aɹ̺un̪ã́a,h e l a d̺ u n̪ ã́ + a,,be.cold-NMLR,ura_2002_lex_cold,1287,COLD,,FRÍO
32,SAND,kaɹ̺en̪ẽ́,k a ɹ̺ e n̪ ẽ́,,,ura_2002_lex_sand,671,SAND,,ARENA
33,SKIN,kad̪í,k a d̪ í,,,ura_2002_lex_skin,763,SKIN,,PIEL
35,BREAST,ɨs̪itʃú,ɨ s̪ i tʃ ú,,,ura_2002_lex_breast,1402,BREAST,,MAMA
36,BELLY,s̪ɨd̺í,s̪ ɨ d̺ í,,,ura_2002_lex_belly,1251,BELLY,,BARRIGA
37,SMOKE,s̪ɨɹ̺aá,s̪ ɨ ɹ̺ a á,,,ura_2002_lex_smoke,778,SMOKE (EXHAUST),,HUMO
38,HEAR,aun̪ãã́,a u n a + a ,,hear-NMLR',ura_2002_lex_hear,1408,HEAR,,ESCUCHAR
39,SNAKE,aʰkan̪ṹ,aʰ k a n̪ ṹ,,,ura_2002_lex_snake,730,SNAKE,,SERPIENTE
40,STAR,ad̺as̪ihié,a d̺ a s̪ i h i é,,,ura_2002_lex_star,1430,STAR,,ESTRELLA
41,RED,l̪an̪ãhiĩ́,l a n a + h a + i ,,'be.red-DER-NMLR',ura_2002_lex_red,156,RED,,ROJO
42,EAT,l̪en̪ũn̪iá,l e n u n e + a + k i + a ,,"eat-NMLR' + 'eat-NMLR'; lenune is a sort of 'general' eating verb, ki is used to refer to eating food that can be chew (like meat)",ura_2002_lex_eat,1336,EAT,,COMER
43,ROOT,hais̪í,h a i s̪ í,,,ura_2002_lex_root,670,ROOT,,RAÍZ
44,HAND,bihí,b i h í,,,ura_2002_lex_hand,1277,HAND,,MANO
45,DRY,haʰkuɹ̺ú,h aʰ k u ɹ̺ ú,,,ura_2002_lex_dry,1398,DRY,,SECO
46,LEG,an̪ããẽ́,a n̪ ã ã ẽ́,,,ura_2002_lex_leg,1297,LEG,,PIERNA
47,FOOT,t̪ihiá,t̪ i h i á,,,ura_2002_lex_foot,1301,FOOT,,PIE
48,WIND,kɨhɨan̪ã́,k ɨ h ɨ a n̪ ã́,,,ura_2002_lex_wind,960,WIND,,VIENTO
49,HOUSE,l̪ud̺ed̺í,l̪ u d̺ e d̺ í,,,ura_2002_lex_house,1252,HOUSE,,CASA
50,CLOUD,d̪ed̪e saʰkád̺i,d e d e + s a k á d̺ i ,, 'sky'+'resin',ura_2002_lex_cloud,1489,CLOUD,,NUBE
51,BAD,baas̪ú,b a a s̪ ú,,,ura_2002_lex_bad,1292,BAD,,MALO
52,HAIR,kuɨʰt̪ɨd̺uhí,k u ɨʰ t̪ ɨ d̺ u h í,,lexicalized form kuɨʰt̪ɨd̺i 'head'; ɨhɨi 'hair',ura_2002_lex_hair,1040,HAIR,,CABELLO
53,DRINK,kuʰkuwá,k u k u + a ,,drink-NMLR',ura_2002_lex_drink,1401,DRINK,,BEBER
54,TAIL,n̪ɨ̃s̪eéi,n̪ ɨ̃ s̪ e é i,,,ura_2002_lex_tail,1220,TAIL,,COLA
55,LONG,kaɾ̺aʰt̪í,k a d̺ a + t í ,,be.long-INTENS:NMLR',ura_2002_lex_long,1203,LONG,,LARGO
56,1S,kan̪ɨ̃́,k a n̪ ɨ̃́,,,ura_2002_lex_1S,1209,I,,YO
57,NAME,kɨd̺aá,k ɨ d̺ a á,,,ura_2002_lex_name,1405,NAME,,NOMBRE
58,BITE,kal̪aá,k a l a + á ,,bite-NMLR',ura_2002_lex_bite,1403,BITE,,MORDER
59,FALL,kumũũá,k u m ũ + á ,,fall-NMLR',ura_2002_lex_fall,1280,FALL,,CAER
60,WHAT,dʒa; dʒahé,dʒ a,dʒ a h é,,ura_2002_lex_what,1236,WHAT,,QUÉ
61,ASH,ahan̪ẽ́,a h a n̪ ẽ́,,,ura_2002_lex_ash,646,ASH,,CENIZA
62,MOSQUITO,un̪ũṹ,u n̪ ũ ṹ,,,ura_2002_lex_mosquito,1509,MOSQUITO,,MOSQUITO
63,LIVER,l̪ahá,l̪ a h á,,,ura_2002_lex_liver,1224,LIVER,,HÍGADO
64,PERSON,kadʒá,k a dʒ á,,,ura_2002_lex_person,683,PERSON,,PERSONA
65,WHO,dʒá,dʒ á,,,ura_2002_lex_who,1235,WHO,,QUIÉN
66,NEW,n̪ãdʒás̪iɲẽ,n̪ ã dʒ á s̪ i ɲ ẽ,,,ura_2002_lex_new,1231,NEW,,NUEVO
67,2S,ií,i í,,,ura_2002_lex_2S,1215,THOU,,TÚ
68,KILL,aʰt̪eiɲãã́,a t e i + n a a ,,kill-NMLR'; Olawsky (2006) registers the root satei.,ura_2002_lex_kill,1417,KILL,,MATAR
69,LAUGH,en̪ũãn̪ãã́,e n u a + n a a ,,laugh-NMLR'; Olawsky (2006) registers the root kweena.,ura_2002_lex_laugh,1355,LAUGH,,REÍR 
70,LOUSE,aʰt̪ad̺í́,aʰ t̪ a d̺ í́,,,ura_2002_lex_louse,1392,LOUSE,,PIOJO
71,SKY,d̪ed̪é,d̪ e d̪ é,,,ura_2002_lex_sky,1732,SKY,,CIELO
72,WET,s̪eʰt̪eẽ́t̪i,s eʰ t e ẽ́ + t i ,,be.wet-INTENS:NMLR',ura_2002_lex_wet,1726,WET,,HÚMEDO
73,HEAVY,an̪ããĩʰt̪í,a n a a iʰ + t í ,,be.heavy-INTENS:NMLR',ura_2002_lex_heavy,1210,HEAVY,,PESADO
74,WALK,amɨ̃n̪ã́ã,a m ɨ + n a a ,,walk-NMLR',ura_2002_lex_walk,1443,WALK,,CAMINAR
75,FLY (MOVE THROUGH AIR),hiaaɨl̪ɨn̪ã,h i a a ɨ l ɨ + n a ,,fly-NMLR',ura_2022_lex_fly,1441,FLY (MOVE THROUGH AIR),,VOLAR (MOVERSE POR EL AIRE)
76,YELLOW,fʷan̪ãɾ̺a kaʰtá tuʰkuʷan̪ĩ,f a n a d̺ a + k a t a + t u k u a n i ,,banana' + 'ripe' + 'be.like' ,ura_2022_lex_yellow,1424,YELLOW,,AMARILLO
77,CRY,dʒan̪ãã́,dʒ a n ã + ã́ ,,cry-NMLR',ura_2022_lex_cry,1839,CRY,,LLORAR
78,SIT,n̪ẽl̪aɨd̺iaá,n ẽ l a ɨ d̺ i a + á ,,sit-NMLR',ura_2022_lex_sit,1416,SIT,,SENTARSE
79,WING,it̪ad̺ú,i t̪ a d̺ ú,,,ura_2022_lex_wing,1257,WING,,ALA
80,FAR,kud̺iaaé,k u d̺ i a a é,,,ura_2022_lex_far,1406,FAR,,LEJOS
81,RAIN (PRECIPITATION),el̪ú,e l̪ ú,,,ura_2022_lex_rain,658,RAIN (PRECIPITATION),,LLUVIA
82,ROPE,en̪ũũé,e n̪ ũ ũ é,,,ura_2022_lex_rope,1218,ROPE,,SOGA
83,THIS,kaá,k a á,,,ura_2022_lex_this,1214,THIS,,ESTE
84,SUN,en̪ũt̪ú,e n̪ ũ t̪ ú,,,ura_2022_lex_sun,1343,SUN,,SOL
85,GRASS,fʷas̪t̪ú,fʷ a s̪ t̪ ú,,From Spanish pasto,ura_2022_lex_grass,606,GRASS,,PASTO
86,SHORT,s̪aɾ̺uʷeki,s̪ a ɾ̺ uʷ e k i,,,ura_2022_lex_short,1645,SHORT,,CORTO
87,TREE,n̪ɨ̃ɨ̃n̪ã́,n̪ ɨ̃ ɨ̃ n̪ ã́,,,ura_2022_lex_tree,906,TREE,,ÁRBOL
88,FIVE,s̪aukí,s̪ a u k í,,,ura_2022_lex_five,493,FIVE,,CINCO
89,STAND,n̪ĩtʃaaɨd̺án̪ã,n ĩ tʃ a a ɨ d̺ á + n ã ,,'stand-NMLR',ura_2022_lex_stand,1442,STAND,,PARARSE
90,SHOULDER,n̪ũhũʷãɨ̃́,n̪ ũ h ũʷ ã ɨ̃́,,,ura_2022_lex_shoulder,1482,SHOULDER,,HOMBRO
91,2PL,iɲad̺á,i ɲ a d̺ á,,,ura_2022_lex_2PL,1213,YOU,,USTEDES
92,DAY (NOT NIGHT),hiitʃuú,h i i tʃ u ú,,,ura_2022_lex_day,1225,DAY (NOT NIGHT),,DIA (NO NOCHE)
93,SWIM,fʷitʃun̪ã́,fʷ i tʃ u + n ã́ ,,swim-NMLR',ura_2022_lex_swim,1439,SWIM,,NADAR
94,SPIDER,t̪ihiʲán̪ã,t̪ i h iʲ á n̪ ã,,,ura_2022_lex_spider,843,SPIDER,,ARAÑA
95,BACK,han̪ũd̺í,h a n̪ ũ d̺ í,,,ura_2022_lex_back,1291,BACK,,ATRÁS
96,DIG,bahen̪ãã́,b a h e + n a á ,,dig-NMLR',ura_2022_lex_dig,1418,DIG,,EXCAVAR
97,NEAR,iʰtʃũṹ,iʰ tʃ ũ ṹ,,,ura_2022_lex_near,1942,NEAR,,CERCA
98,SAY,ait̪un̪ã́,a i t u + n ã́ ,,say-NMRL',ura_2022_lex_say,1458,SAY,,DECIR
99,EARTH (SOIL),aʰt̪án̪ẽ́,aʰ t̪ á n̪ ẽ́,,,ura_2022_lex_earth(soil),1228,EARTH (SOIL),,TIERRA (SUELO)
100,LEFT,n̪ãhaabihí,n a h a a + b i h i ,,"?-hand'; nahaa is possibly related to a locative naha in current Urarina, the term nahaabihi is lexicalized already",ura_2022_lex_left,244,LEFT,,IZQUIERDA
101,GIVE,t̪en̪ãã́,t e - n ã ã́,,,ura_2022_lex_give,1447,GIVE,,DAR
102,RIGHT,d̺aut̪un̪ṹ,d̺ a u t̪ u n̪ ṹ,,,ura_2022_lex_right,1019,RIGHT,,DERECHA
103,THUNDER,aɹ̺áɹ̺a,a ɹ̺ á ɹ̺ a,,,ura_2022_lex_thunder,1150,THUNDER,,TRUENO
104,WHERE,dʒɨ́,dʒ ɨ́,,,ura_2022_lex_where,1237,WHERE,,DÓNDE
105,FEAR (BE AFRAID),kasiɲãã́,k a s i + ɲ ã ã́ ,,be.afraid-NMLR',ura_2022_lex_fear (be afraid),1419,FEAR (BE AFRAID),,TENER MIEDO
106,SHARP,ahĩjãt̪í,a h ĩ j ã + t í ,,be.sharp-INTENS:NMLR,ura_2022_lex_sharp,1396,SHARP,,FILUDO
107,VOMIT,n̪aɾuʷaká,n a ɾ uʷ a + k á ,,'vomit-NMLR',ura_2022_lex_vomit,1278,VOMIT,,VOMITAR
108,FLOWER,ɨhɨɰan̪ẽ́,ɨ h ɨ ɰ a n̪ ẽ́,,,ura_2022_lex_flower,239,FLOWER,,FLOR
109,KNEE,kud̺ad̺uhué,k u d̺ a d̺ u h u é,,,ura_2022_lex_knee,1371,KNEE,,RODILLA
110,SALT,t̪ebé,t̪ e b é,,Prob. a wanderwort or a borrowing from Arawak (Cf. Ashaninka tibi 'salt'),ura_2022_lex_salt,1274,SALT,,SAL
111,THAT,n̪ĩĩ́,n̪ ĩ ĩ́,,,ura_2022_lex_that,78,THAT,,ESO
112,GREEN,beɾ̺aɨɾ̺isiiúhʷai,b e ɾ̺ a ɨ ɾ̺ i s i i ú + hʷ a + i ,,be.green-DER-NMLR',ura_2022_lex_green,1425,GREEN,,VERDE
113,OLD,biiɲãã́,b i i ɲ ã ã́,,,ura_2022_lex_old,1229,OLD,,VIEJO
114,DIRTY,baʰt̪aẽẽ́ti,b a t a ẽ ẽ́ + t i ,,be.dirty-INTENS:NMLR',ura_2022_lex_dirty,1230,DIRTY,,SUCIO
115,3PL,aʰkaaɨd̺ɨ́,a k a a + ɨ d̺ ɨ́ ,,that-PL',ura_2022_lex_3PL,817,THEY,,ELLOS
116,LIE DOWN,n̪ẽl̪ud̺án̪ã,n ẽ l u d̺ á + n ã ,,lie.down-NMLR',ura_2022_lex_lie down,215,LIE DOWN,,ACOSTARSE
117,FRUIT,iɲãã́,i ɲ ã ã́,,,ura_2022_lex_fruit,1507,FRUIT,,FRUTA
118,FEATHER,t̪ahaae ɨhɨí,t a h a a e + ɨ h ɨ í ,,bird' + 'hair',ura_2022_lex_feather,1201,FEATHER,,PLUMA
119,KNOW (SOMETHING),kuiʰt̪ɨkɨn̪ãã́,k u i t ɨ k ɨ + n ã ã́ ,,know-NMLR',ura_2022_lex_know,1410,KNOW (SOMETHING),,SABER
120,BLOW (OF WIND),fɨɰakaá,f ɨ ɰ a + k a á ,,blow-NMLR',ura_2022_lex_blow (of wind),175,BLOW (OF WIND),,SOPLAR (EL VIENTO)
121,THROW,s̪ijeit̪uʷá,s i j e i t u + á,,throw-NMLR,ura_2022_lex_throw,1456,THROW,,TIRAR
122,DIE,uʷá,u + á ,,'die-NMLR',ura_2022_lex_die,1494,DIE,,MORIR
123,BE ALIVE,iʰtʃauwá,iʰ tʃ a u + á ,,'be.alive-NMLR',ura_2022_lex_be alive,1422,BE ALIVE,,ESTAR VIVO
125,LIGHTNING,hiaʰkan̪ṹ,h i aʰ k a n̪ ṹ,,,ura_2022_lex_lightning,1654,LIGHTNING,,ILUMINACIÓN
126,FLESH,in̪ʲĩṹ,i n̪ʲ ĩ ṹ,,,ura_2022_lex_flesh,2259,FLESH,,CARNE
127,ALL,s̪at̪ĩ́ĩ́,s̪ a t̪ ĩ́ ĩ́,,,ura_2022_lex_all,98,ALL,,TODO
128,PATH OR ROAD,bed̪ú,b e d̪ ú,,,ura_2022_lex_path or road,2457,PATH OR ROAD,,CAMINO O TROCHA
129,THICK,t̪as̪iṹhũãĩ,t a s i ṹ + h ã + ĩ ,,'be.sick-DER-NMLR',ura_2022_lex_thick,1244,THICK,,GRUESO
130,TOMORROW,ed̺es̪í,e d̺ e s̪ í,,,ura_2022_lex_tomorrow,1329,TOMORROW,,MAÑANA
131,FAT (ORGANIC SUBSTANCE),ed̺en̪ẽ́,e d̺ e n̪ ẽ́,,,ura_2022_lex_fat,323,FAT (ORGANIC SUBSTANCE),,GRASA
132,DUST,buhuiɲaaú,b u h u i ɲ a a ú,,,ura_2022_lex_dust,2,DUST,,POLVO
133,WOMAN,en̪ẽ́,e n̪ ẽ́,,,ura_2022_lex_woman,962,WOMAN,,MUJER
134,HUNT,n̪ẽs̪ad̺ĩɲã́,n ẽ s a d̺ ĩ + ɲ ã́ ,,'hunt-NMLR',ura_2022_lex_hunt,1435,HUNT,,CAZAR
135,BREATHE,n̪ed̺aiɲãã́,n e d̺ a i + ɲ ã ã́ ,,breathe-NMLR',ura_2022_lex_breathe,1407,BREATHE,,RESPIRAR
136,HEART,mũhũẽ́,m ũ h ũ ẽ́,,,ura_2022_lex_heart,1223,HEART,,CORAZÓN
137,STEAL,basihʲaɨŋã́,b a s i hʲ a ɨ + ã́ ,,'steal-NMLR',ura_2022_lex_steal,713,STEAL,,ROBAR
138,HOLD,s̪iitʃaá,s i i tʃ a + á ,,hold-NMLR',ura_2022_lex_hold,1448,HOLD,,SOSTENER
139,CHILD,kan̪ããn̪ã́ĩ,k a n̪ ã ã n̪ ã́ ĩ,,,ura_2022_lex_child,2099,CHILD,,NIÑO(A)
140,YEAR,ahaan̪ã́ã́,a h a a n̪ ã́ ã́,,,ura_2022_lex_year,1226,YEAR,,AÑO
141,COOK (SOMETHING),n̪ẽʰkued̺ã́ĩã,n ẽ k u e d̺ ã́ ĩ + ã ,,cook-NMLR',ura_2022_lex_cook,1100,COOK (SOMETHING),,COCINAR
142,RAT,s̪áá,s̪ á á,,,ura_2022_lex_rat,1490,RAT,,RATA
143,SPIT,kuɨl̪ɨn̪ẽ́n̪ã́,k u ɨ l ɨ n ẽ́ + n ã́ ,,spit-NMLR',ura_2022_lex_spit,1440,SPIT,,ESCUPIR
144,YESTERDAY,d̺aʰká,d̺ aʰ k á,,,ura_2022_lex_yesterday,1174,YESTERDAY,,AYER
145,BURN,mũʰkuʷá,m ũ k u + á ,,burn-NMLR',ura_2022_lex_burn,2102,BURN,,QUEMAR
146,FOG,n̪ũʰkuʷen̪ã́,n̪ ũʰ k uʷ e n̪ ã́,,,ura_2022_lex_fog,249,FOG,,NIEBLA
147,INTESTINES,s̪ɨd̪i kuhuí,s ɨ d̪ i + k u h u í  ,,stomach' + 'rope',ura_2022_lex_intestines,1991,INTESTINES,,INTESTINO
148,ROTTEN,s̪eʰt̪ɨn̪ã́ã,s e t ɨ + n a a ,,be.rotten-NMLR',ura_2022_lex_rotten,1728,ROTTEN,,PODRIDO
149,SMELL (PERCEIVE),s̪aiɲẽ́,s̪ a i ɲ ẽ́,,,ura_2022_lex_smell (perceive),1586,SMELL (PERCEIVE),,OLER
150,COUNT,han̪iiɲã́,h a n i i + n ã́ ,,count-NMLR',ura_2022_lex_count,1420,COUNT,,CONTAR
151,CORRECT (RIGHT),kawatʃá,k a w a tʃ á,,,ura_2022_lex_correct (right),1725,CORRECT (RIGHT),,CORRECTO
152,WHEN,dʒa ban̪ã́,dʒ a + ban̪ã́  ,,INTERR' + 'TIME',ura_2022_lex_when,1238,WHEN,,CUANDO
153,BELOW OR UNDER,n̪ãs̪aaé,n̪ ã s̪ a a é,,,ura_2022_lex_below or under,1485,BELOW OR UNDER,,DEBAJO
154,SCRATCH,fʷaɨɰãn̪ã́,fʷ a ɨ ɰ ã + n ã́ ,,scratch-NMLR',ura_2022_lex_scratch,1436,SCRATCH,,RASCAR/ARAÑAR
155,SUCK,t̪uʰt̪uʷiká,t̪ uʰ t̪ uʷ i k á,,,ura_2022_lex_suck,1421,SUCK,,CHUPAR
156,HIT,t̪ijeit̪un̪ãã́,t i j e i t u + n ã ã́ ,,hit-NMLR',ura_2022_lex_hit,1433,HIT,,GOLPEAR
157,MAN,kiʰtʃá,k iʰ tʃ á,,,ura_2022_lex_man,1554,MAN,,HOMBRE
158,NAVEL,mĩs̪ĩ́,m ĩ s̪ ĩ́,,,ura_2022_lex_navel,1838,NAVEL,,OMBLIGO
159,FINGERNAIL,ɨs̪iʰtʃuʷé,ɨ s̪ iʰ tʃ uʷ é,,,ura_2022_lex_fingernail,1258,FINGERNAIL,,UÑA
160,FOREST,n̪ɨ̃ɨ̃n̪ã́,n̪ ɨ̃ ɨ̃ n̪ ã́,,,ura_2022_lex_forest,420,FOREST,,BOSQUE
161,HOT,ahaat̪í,a h a a + t i + i ,,be.hot-INTENS:NMLR',ura_2022_lex_hot,1286,HOT,,CALIENTE
162,BUY,kud̺et̪en̪ã́,k u d̺ e t e + n ã́ ,,buy-NMLR',ura_2022_lex_buy,1869,BUY,,COMPRAR
163,SEW,t̪uʰkuun̪ã́,t uʰ k u u + n ã́ ,,sew-NMLR',ura_2022_lex_sew,1457,SEW,,COSER
164,HOW,dʒat̪uʷan̪ẽ́ẽ́ĩ,dʒ a + t uʷ a n ẽ́ ẽ́ + ĩ ,,INT-be.how-NMLR'; From the root /tuane/ and the participle form -i,ura_2022_lex_how,1239,HOW,,CÓMO
165,ARM,n̪ũhũã́ɨ̃, n̪ ũ h ũ ã́ ɨ̃,,,ura_2022_lex_arm,1673,ARM,,BRAZO
166,STICK,en̪ɨ̃ᶭã́ ,e n̪ ɨ̃ᶭ ã́,,,ura_2022_lex_stick,1295,STICK,,PALO
167,SQUEEZE,t̪uʷakaá,t̪ u ʷ a k a + á ,,'squeeze-NMLR',ura_2022_lex_squeeze,1414,SQUEEZE,,ESTRUJAR
168,1PL,kan̪ãkaán̪ã,k a n̪ ã k a á n̪ ã,,This is the 1PL exclusive,ura_2022_lex_1PL,1212,WE,,NOSOTROS
169,GO,kɨᶭá,k ɨ + á ,,go-NMLR',ura_2022_lex_go,695,GO,,IR
170,SEED,n̪ũʰkɨᶭɨ́,n̪ ũʰ k ɨᶭ ɨ́,,,ura_2022_lex_seed,714,SEED,,SEMILLA
171,FLOW,mũũd̪ud̺un̪ã́,m ũ ũ d̪ u d̺ u + n̪ ã́ ,,flow-NMLR',ura_2022_lex_flow,2003,FLOW,,FLOTAR
172,BLUNT,ahit̪ijá,a h i t̪ i j á,,,ura_2022_lex_blunt,379,BLUNT,,DESAFILADO
173,BEARD,mãmĩ́ĩ,m ã m ĩ́ ĩ,,,ura_2022_lex_beard,678,BEARD,,BARBA
174,SEA,kɨʰkᶭan̪á,k ɨʰ kᶭ a n̪ á,,,ura_2022_lex_sea,1474,SEA,,MAR
175,OPEN,huaɹ̺ḁkan̪ãã́,h u a d̺ ḁ k a + n ã ã́ ,,open-NMLR',ura_2022_lex_open,1156,OPEN,,ABRIR
176,SING,n̪ẽn̪ãt̪én̪ã,n ẽ n ã t é + n ã ,,sing-NMLR',ura_2022_lex_sing,1261,SING,,CANTAR
177,LAKE,n̪ẽmɨ̃d̺í,n̪ ẽ m ɨ̃ d̺ í,,,ura_2022_lex_lake,624,LAKE,,LAGO
178,SPEAK,ed̺en̪ã́,e d̺ e + n á ,,speak-NMLR'; ed̺e also means 'language',ura_2022_lex_speak,1623,SPEAK,,HABLAR
179,THINK,kauɨn̪ã́,k a u ɨ + n ã́ ,,think-NMLR',ura_2022_lex_think,2271,THINK,,PENSAR
180,BRANCH,ɨɨn̪ẽ́,ɨ ɨ n̪ ẽ́,,,ura_2022_lex_branch,1531,BRANCH,,RAMA
181,FULL,mẽmṹʷã,m ẽ m ṹʷ ã,,,ura_2022_lex_full,1429,FULL,,LLENO
182,THIN,haɹe̥heéd̺iʲa,h a ɹ e h e é d̺ i + a ,,'be.thin-NMLR',ura_2022_lex_thin,2308,THIN,,DELGADO
183,DANCE,d̺aan̪s̪án̪ã,d a a n s á + n ã ,,dance-NMLR'; From Spanish 'danza',ura_2022_lex_dance,1879,DANCE,,BAILAR
184,BUTTERFLY,ihʲããt̪aáud̪i,i hʲ ã ã t̪ a á u d̪ i,,,ura_2022_lex_butterfly,1791,BUTTERFLY,,MARIPOSA
185,WARM,haad̪úʰt̪i; ahaad̺úʰt̪i,(a) h a a d̪ + t i ,,be.warm-INTENS:NMLR',ura_2022_lex_warm 1; ura_2022_lex_warm 2,1232,WARM,,CÁLIDO
186,SWELL,n̪ĩhĩĩɾ̺íɲã,n ĩ h ĩ ĩ ɾ í + n ã ,,'swell-NMLR',ura_2022_lex_swell,1573,SWELL,,HINCHAR
187,CHEST,n̪ãl̪aɾ̺ihʲá,n + ã l a ɾ i hʲ á ,,'3-chest',ura_2022_lex_chest,1592,CHEST,,PECHO
188,SHOOT,iʰtʃafʷan̪ã́,i tʃ a f a + n ã́ ,,shoot-NMLR',ura_2022_lex_shoot,1172,SHOOT,,DISPARAR
189,BOW,t̪en̪ɨ̃n̪ã́,t̪ e n̪ ɨ̃ n̪ ã́,,,ura_2022_lex_bow,994,BOW,,ARCO
190,MOUNTAIN,n̪ɨ̃n̪á,n̪ ɨ̃ n̪ á,,,ura_2002_lex_mountain,639,MOUNTAIN,,MONTAÑA
191,MILK,iʰt̪aad̺í,iʰ t̪ a a d̺ í,,,ura_2002_lex_milk,635,MILK,,LECHE
192,MANY,ad̺ahĩĩ́,a d̺ a h ĩ ĩ́,,,ura_2002_lex_many,1198,MANY,,MUCHOS
193,FINGER,bihi kuɨʰt̪ɨ́d̺i,b i h i + k u ɨʰ t̪ ɨ́ d̺ i ,,hand' + 'head',ura_2002_lex_finger,1303,FINGER,,DEDO
194,TODAY,en̪ẽn̪ẽ́,e n̪ ẽ n̪ ẽ́,,,ura_2002_lex_today,1283,TODAY,,HOY
195,SPEAR,d̺ehũṹ,d̺ e h ũ ṹ,,,ura_2002_lex_spear,945,SPEAR,,LANZA
197,IN,kɨ́,k ɨ́,,,ura_2002_lex_in,1460,IN,,EN
198,FROG,d̪ad̺í,d̪ a d̺ í,,,ura_2002_lex_frog,503,FROG,,RANA
199,SPLIT,n̪el̪ed̺ɨ́ᶭa,n̪ e l̪ e d̺ ɨ́ + a ,,split-NMLR',ura_2002_lex_split,1437,SPLIT,,DIVIDIR
200,MALE PERSON,kiʰʧá,k iʰ ʧ á,,,ura_2002_lex_male person,2106,MALE PERSON,,HOMBRE
201,UPPER LEG (THIGH),an̪ãẽ́,a n̪ ã ẽ́,,,ura_2002_lex_upper leg,471,UPPER LEG (THIGH),,MUSLO
202,OTHER,l̪eeúʧa,l̪ e e ú ʧ a,,,ura_2002_lex_other,197,OTHER,,OTRO
203,DOOR,aʰkɨhɨá,aʰ k ɨ h ɨ á,,,ura_2002_lex_door,1567,DOOR,,PUERTA
204,FOREHEAD,aɨd̺í,a ɨ d̺ í,,,ura_2002_lex_forehead,123,FOREHEAD,,FRENTE
205,RUN,hel̪ɨᶭad̺un̪ã́,h e l ɨᶭ a d̺ u + n a ,,run-NMLR',ura_2002_lex_run,1519,RUN,,CORRER
206,DREAM (SOMETHING),kus̪en̪iiá,k u s e n i + á ,,'dream-NMLR',ura_2002_lex_dream,1920,DREAM (SOMETHING),,SOÑAR
207,KNIFE,an̪ũhũã́,a n̪ ũ h ũ ã́,,"also 'machete', from Spanish sable",ura_2002_lex_knife,1352,KNIFE,,CUCHILLO
208,ARROW,s̪ud̺id̺íhi,s̪ u d̺ i d̺ í h i,,,ura_2002_lex_arrow,977,ARROW,,FLECHA
209,WASH,kɨl̪eeká,k ɨ l e e + k á ,,wash-NMLR',ura_2002_lex_wash,1453,WASH,,LAVAR
210,ANT,aɲãṹku,a ɲ ã ṹ k u,,,ura_2002_lex_ant,587,ANT,,HORMIGA
211,BODY,habed̺ukú,h a b e d̺ u k ú,,,ura_2002_lex_body,1480,BODY,,CUERPO
212,BE HUNGRY,mĩhĩĩt̪ún̪ã,m i h ĩ ĩ t ú + n a ,,be.hungry-NMLR',ura_2002_lex_be hungry,1533,BE HUNGRY,,TENER HAMBRE
213,RIVER,n̪ɨ̃ʰkɨᶭé,n̪ ɨ̃ʰ k ɨᶭ é,,,ura_2002_lex_river,666,RIVER,,RÍO
214,THROAT,d̺ad̺ú,d̺ a d̺ ú,,,ura_2002_lex_throat,1346,THROAT,,GARGANTA
215,ELBOW,l̪ɨl̪ɨᶭé,l̪ ɨ l̪ ɨᶭ é,,,ura_2002_lex_elbow,981,ELBOW,,CODO
216,PIG,kuus̪í,k u u s̪ í,,from Spanish cuchí 'pig',ura_2002_lex_pig,1337,PIG,,CERDO
217,CAT,miʃú,m i ʃ ú,,"Prob. from Quechua michi, in turn borrowed from Spanish",ura_2002_lex_cat,1208,CAT,,GATO
218,TIE,iʰʧuʷan̪ã́,i ʧ uʷ a + n ã́ ,,tie-NMLR',ura_2002_lex_tie,1917,TIE,,AMARRAR
219,AND,ʧããẽ́,ʧ ã ã ẽ́,,also equivalent to 'also',ura_2002_lex_and,1577,AND,,Y
220,BOY,kan̪ããn̪ã́ĩ,k a n̪ ã ã n̪ ã́ ĩ,,,ura_2002_lex_boy,1366,BOY,,CHICO
221,SICK,kɨn̪ãĩt̪én̪ã,k ɨ n a i t̪ é + n a ,,be.sick.NMLR',ura_2002_lex_sick,1847,SICK,,ENFERMO
222,BARK,ʤɨhɨd̺aá,ʤ ɨ h ɨ d̺ a + á ,,bark-NMLR',ura_2002_lex_bark,1204,BARK,,LADRAR
223,NEEDLE (FOR SEWING),uʰkú,uʰ k ú,,,ura_2002_lex_needle,1382,NEEDLE (FOR SEWING),,Aguja (para coser)
224,STAB,d̺ɨkaait̪un̪ã́,d̺ ɨ k a a i t u + n á ,,stab-NMLR',ura_2002_lex_stab,1434,STAB,,APUÑALAR
225,FEMALE PERSON,ẽn̪ẽ́,ẽ n̪ ẽ́,,,ura_2002_lex_female person,2105,FEMALE PERSON,,MUJER
226,WIDE,had̺ããt̪i,h a d̺ ã ã + t í ,,be.wide-INTENS:NMLR',ura_2002_lex_wide,1243,WIDE,,ANCHO
227,TAKE,mũkun̪ãã́,m u k u + n̪ a á ,,take-NMLR',ura_2002_lex_take,1749,TAKE,,LLEVAR
228,NARROW,t̪ud̺uéki,t̪ u d̺ u é k i,,,ura_2002_lex_narrow,1267,NARROW,,ANGOSTO
229,PULL,hiɨn̪ɨ̃n̪ɨ̃n̪ã́,h i ɨ n ɨ̃ n ɨ̃ + n ã́ ,,pull-NMLR',ura_2002_lex_pull,1455,PULL,,JALAR
230,PLAY,n̪ẽʰkuat̪ihján̪ãã,n̪ ẽʰ + k u a t̪ i h j á + n̪ ã ã ,,INTR-play-NMLR',ura_2002_lex_play,1413,PLAY,,JUGAR
231,WORM,d̺ian̪ṹ,d̺ i a n̪ ṹ,,,ura_2002_lex_worm,1219,WORM,,GUSANO
232,FACE,umẽd̺í,u m ẽ d̺ í,,,ura_2002_lex_face,1560,FACE,,ROSTRO
233,HERE,kaɨ́,k a ɨ́,,,ura_2002_lex_here,136,HERE,,AQUÍ
234,PUSH,s̪ad̺un̪ãã́,s a d̺ u + n a á ,,push-NMLR',ura_2002_lex_push,1452,PUSH,,EMPUJAR
235,3S,aʰká,aʰ k á,,,ura_2002_lex_3S,2642,HE OR SHE,,ÉL / ELLA
236,MEAT,in̪ĩĩṹ,i n̪ ĩ ĩ ṹ,,,ura_2002_lex_meat,634,MEAT,,CARNE
237,CHIN,kan̪ĩʲã́,k a n̪ ĩʲ ã́,,,ura_2002_lex_chin,1510,CHIN,,MENTÓN
238,MEDICINE,kuí,k u í,,,ura_2002_lex_medicine,1372,MEDICINE,,MEDICAMENTO
239,RAINBOW,iiɲṹ,i i ɲ ṹ,,,ura_2002_lex_rainbow,1733,RAINBOW,,ARCOÍRIS
240,CLIMB,in̪ĩʲã́,i n̪ ĩ + á̃ ,,climb-NMLR',ura_2002_lex_climb,1102,CLIMB,,TREPAR
241,STRAIGHT,d̪aɨhíd̪ĩ,d̪ a ɨ h í d̪ ĩ,,,ura_2002_lex_straight,1404,STRAIGHT,,RECTO
242,BAT,an̪ẽs̪ihié,a n̪ ẽ s̪ i h i é,,,ura_2002_lex_bat,1793,BAT,,MURCIÉLAGO
243,GROW,hʷén̪ã,hʷ é + n ã,fʷén̪ã,grow-NMLR',ura_2002_lex_grow,479,GROW,,CRECER
244,HORN (ANATOMY),hiʰʧú,h iʰ ʧ ú,,,ura_2002_lex_horn,1393,HORN (ANATOMY),,CUERNO
245,HIDE,kad̺í,k a d̺ í,,,ura_2002_lex_hide,2486,HIDE,,CUERO
246,HONEY,id̺iʧahé,i d̺ i ʧ a h é,,,ura_2002_lex_honey,942,HONEY,,MIEL
247,ASK (INQUIRE),bahan̪ãã́,b a h a + n a á ,,ask-NMLR',ura_2002_lex_ask,1309,ASK (INQUIRE),,PREGUNTAR
248,FORGET,bait̪en̪ã́,b a i n t e + n á,,forget-NMLR',ura_2002_lex_forget,1523,FORGET,,OLVIDAR
249,SELL,n̪ẽʰkud̺et̪én̪ã,n ẽ + k u d̺ e t é + n ã ,,INTR-buy-NMLR',ura_2002_lex_sell,1571,SELL,,VENDER
250,FLY (INSECT),un̪ũṹ,u n̪ ũ ṹ,,,ura_2002_lex_fly,1504,FLY (INSECT),,MOSCA
251,TURN,beʰt̪ɨn̪ãã́,b eʰ t̪ ɨ + n̪ ã ã́,,turn-NMLR',ura_2002_lex_turn,1588,TURN,,DOBLAR
252,BE DEAD OR DIE,uʷá,uʷ + á,,die-NMLR',ura_2002_lex_be dead or die,2101,BE DEAD OR DIE,,Estar muerto o morir
253,AXE,t̪ed̺ú,t̪ e d̺ ú,,,ura_2002_lex_axe,677,AXE,,HACHA
254,VILLAGE,l̪uwan̪ãd̺í,l̪ u w a n̪ ã d̺ í,,,ura_2002_lex_village,930,VILLAGE,,ALDEA
255,IRON,kwat̪á,k w a t̪ á,,,ura_2002_lex_iron,621,IRON,,HIERRO
256,BEE,s̪aid̺í,s̪ a i d̺ í,,,ura_2002_lex_bee,665,BEE,,ABEJA
257,WORK (ACTIVITY),amĩãn̪ẽ́n̪ã,a m ĩ ã n̪ ẽ́ + n̪ ã,,work-NMLR',ura_2002_lex_work (activity),1086,WORK (ACTIVITY),,TRABAJAR
258,NO OR NOT,aiʲeí,a iʲ e í,,,ura_2002_lex_no or not,2279,NO OR NOT,,NO
259,MORNING,han̪ũn̪ẽ́,h a n̪ ũ n̪ ẽ́,han̪un̪á,,ura_2002_lex_morning,1339,MORNING,,MAÑANA
260,SICK (or in pain),kɨn̪ãĩ s̪íd̺iʧa,k ɨ n̪ ã ĩ + s̪ í d̺ i ʧ a,,,ura_2002_lex_sick (or in pain),2103,PAINFUL OR SICK,,TENER DOLOR 
261,MONKEY,en̪ẽʧú,e n̪ ẽ ʧ ú,en̪eʰʧú,,ura_2002_lex_monkey,1350,MONKEY,,MONO
262,PENIS,l̪ahé,l̪ a h é,,,ura_2002_lex_penis,1222,PENIS,,PENE
263,THERE,t̪ahiʲá,t̪ a h iʲ á,,,ura_2002_lex_there,1937,THERE,,ALLÁ
264,CUT OR HACK,s̪aɨn̪ãã́,s̪ a ɨ + n̪ ã ã́,,cut-NMLR',ura_2002_lex_cut or hack,3889,CUT OR HACK,,CORTAR
265,SWEET,iʧuat̪í,i ʧ u a + t̪ í,,be.sweet-INTENS:NMLR',ura_2002_lex_sweet,717,SWEET,,DULCE
266,MAIZE,kat̪ud̺í,k a t̪ u d̺ í,,,ura_2002_lex_maize,506,MAIZE,,MAÍZ
267,FRIEND,amĩṹ,a m ĩ ṹ,,From Spanish amigo,ura_2002_lex_friend,1325,FRIEND,,AMIGO
268,FIREWOOD,ufuʷeí,u f uʷ e í,,,ura_2002_lex_firewood,10,FIREWOOD,,LEÑA
269,COUGH,has̪ed̺í,h a s̪ e d̺ í,,,ura_2002_lex_cough,879,COUGH,,TOS
270,ROOSTER,at̪awad̺i kɨd̺áán̪ã,a t̪ a w a d̺ i + k ɨ d̺ á á n̪ ã,,chicken' + 'chief',ura_2002_lex_rooster,1511,ROOSTER,,GALLO
271,WAIT (FOR),kuan̪ã́,k u a + n̪ ã́,,wait-NMLR',ura_2002_lex_wait (for),1590,WAIT (FOR),,ESPERAR)
272,FAECES (EXCREMENT),ɨhɨé,ɨ h ɨ é,,,ura_2002_lex_faeces (excement),675,FAECES (EXCREMENT),,HECES (EXCREMENTO)
273,FASTEN,mɨ̃kɨ̃n̪ãã́,m ɨ̃ k ɨ̃ + n̪ ã ã́,,fasten-NMLR',ura_2002_lex_fasten,1094,FASTEN,,SUJETAR
274,GIRL,ẽẽn̪ẽ́,ẽ ẽ n̪ ẽ́,eʰne,,ura_2002_lex_girl,1646,GIRL,,CHICA
275,FAST,ed̺uhʷẽĩ́,e d̺ u hʷ ẽ ĩ́,,,ura_2002_lex_fast,1631,FAST,,RÁPIDO
276,SHADE,fud̺akái,f u d̺ a k á i,,,ura_2002_lex_shade,1388,SHADE,,SOMBRA
277,ROUND,t̪uhʷihʲái,t̪ u hʷ i + hʲ á + i,,be.round-DER-NMLR',ura_2002_lex_round,1395,ROUND,,REDONDO
278,HORSE,kabad̺iú,k a b a d̺ i ú,,From Spanish caballo,ura_2002_lex_horse,615,HORSE,,CABALLO
279,AT,kɨ́,k ɨ́,,,ura_2002_lex_at,1461,AT,,EN
280,RUB,d̺ɨl̪ɨl̪ɨn̪ã́,d̺ ɨ l̪ ɨ l̪ ɨ + n̪ ã́,,rub-NMLR',ura_2002_lex_rub,1449,RUB,,FROTAR
281,SOUR,el̪ɨᶭahíhʲai,e l̪ ɨᶭ a h í + hʲ a + i,,be.sour-DER-NMLR',ura_2002_lex_sour,1906,SOUR,,AGRIO
282,LOVE,hed̺en̪ã́,h e d̺ e + n̪ ã́,,love-NMLR',ura_2002_lex_love,923,LOVE,,AMAR
283,IF,,,,,,1459,IF,,SI
284,DEW,ɹus̪í,ɹ u s̪ í,,,ura_2002_lex_dew,1977,DEW,,ROCÍO
285,CROW,ɨɨhíd̪i,ɨ ɨ h í d̪ i,,,ura_2002_lex_crow,913,CROW,,CUERVO
286,BITTER,el̪ũãt̪i,e l̪ ũ ã + t̪ i,,be.bitter-INTENS:NMLR',ura_2002_lex_bitter,887,BITTER,,AMARGO
287,WOOD,en̪ɨ̃ᶭã́,e n̪ ɨ̃ᶭ ã́,,,ura_2002_lex_wood,1803,WOOD,,MADERA
288,CHOOSE,han̪ĩɲã́,h a n̪ ĩ + ɲ ã́,,choose-NMLR',ura_2002_lex_choose,1750,CHOOSE,,ELEGIR
289,TOBACCO,en̪ũãt̪á,e n̪ ũ ã t̪ á,,,ura_2002_lex_tobacco,974,TOBACCO,,TABACO
290,ABOVE,ekɨ̃ɨ̃,e k ɨ̃ ɨ̃,,,ura_2002_lex_above,1741,ABOVE,,ARRIBA
291,GO UP (ASCEND),in̪ĩʲã́,i n̪ ĩʲ + ã́,,go.up-NMLR',ura_2002_lex_go up (ascend),705,GO UP (ASCEND),,SUBIR
292,SCORPION,kan̪ã́ɨ̃,k a n̪ ã́ ɨ̃,,,ura_2002_lex_scorpion,1538,SCORPION,,ESCORPIÓN
293,COW,baʰká,b aʰ k á,,From Spanish vaca,ura_2002_lex_cow,1007,COW,,VACA
294,LUNG,l̪ahá,l̪ a h á,,,ura_2002_lex_lung,688,LUNG,,PULMÓN
295,CUT,saɨn̪ãã́,s a ɨ + n̪ ã ã́,,cut-NMLR',ura_2002_lex_cut ,1432,CUT,,CORTAR
296,DARK,n̪ũʰkuet̪í,n̪ ũʰ k u e + t̪ í,,be.dark-INTENS:NMLR',ura_2002_lex_dark,706,DARK,,OSCURO
297,BED,sin̪ĩɲããn̪ã́ha,s i n̪ ĩ + ɲ ã ã + n̪ ã́ h a,,sleep-NMLR-NMLR.LOC',ura_2002_lex_bed,1663,BED,,CAMA
299,RIB,n̪ĩʰʧɨᶭí,n̪ ĩʰ ʧ ɨᶭ í,,,ura_2002_lex_rib,801,RIB,,COSTILLA
300,COTTON,s̪ié,s̪ i é,,,ura_2002_lex_cotton,1850,COTTON,,ALGODÓN
301,CHICKEN,aʰt̪awad̪í,aʰ t̪ a w a d̪ í,,From Quechua,ura_2002_lex_chicken,1318,CHICKEN,,POLLO
302,CAVE,aʰt̪an̪ẽ háʧɨ,aʰ t̪ a n̪ ẽ + h á ʧ ɨ ,,land' +  'hole',ura_2002_lex_cave,1155,CAVE,,CUEVA
303,NOT,aiʲéi,a iʲ é i,,,ura_2002_lex_not,1240,NOT,,NO
304,CHEW,kiɲãã́,k i + ɲ ã ã́,,chew-NMLR',ura_2002_lex_chew,321,CHEW,,MASTICAR
305,ROAD,bed̪ú,b e d̪ ú,,,ura_2002_lex_road,667,ROAD,,CARRETERA
306,SLOW,hed̺ãẽ́,h e d̺ ã ẽ́,,,ura_2002_lex_slow,701,SLOW,,LENTO
307,MAT,bel̪á,b + e l̪ á,,ASC-mat',ura_2002_lex_mat,195,MAT,,ESTERA
308,GOAT,,,,,,1502,GOAT,,CABRA
309,STOMACH,kuʰt̪uẽd̺í,k uʰ t̪ u ẽ d̺ í,,,ura_2002_lex_stomach,819,STOMACH,,ESTÓMAGO
310,DOVE,s̪ed̺ud̺í,s̪ e d̺ u d̺ í,,,ura_2002_lex_dove,1853,DOVE,,PALOMA
311,BLUE,d̪ed̪e t̪ukuán̪ĩ,d̪ e d̪ e + t̪ u k u á n̪ ĩ ,,sky' + 'be.like',ura_2002_lex_blue,837,BLUE,,AZUL
312,COME BACK,kaɨn̪ãã́,k a ɨ + n̪ ã ã́,,come.back-NMLR',ura_2002_lex_come back,581,COME BACK,,REGRESAR
313,TIRED,kut̪áen̪ã,k u t̪ á e + n̪ ã,,be.tired-NMLR',ura_2002_lex_tired,1757,TIRED,,CANSADO
314,THIRSTY,kukuid̺én̪ã,k u k u i d̺ é + n̪ ã ,,be.thirsty-NMLR',ura_2002_lex_thirsty,847,THIRSTY,,SEDIENTO
315,BRAIN,kuɨʰt̪ɨd̺i kuɨl̪é,k u ɨʰ t̪ ɨ d̺ i + k u ɨ l̪ é,,head' + 'viscous substance' ;kuɨlé appears also in nuta kuɨlé 'tear' ,ura_2002_lex_brain,1583,BRAIN,,CEREBRO
316,ENTER,en̪ũn̪ãã́,e n̪ ũ + n̪ ã ã́,,enter-NMLR',ura_2002_lex_enter,749,ENTER,,INGRESAR
317,CANOE,en̪ãn̪ĩhj̃ã́,e n̪ ã n̪ ĩ h j̃ ã́,,,ura_2002_lex_canoe,1970,CANOE,,CANOA
318,HARD,n̪ũhʷét̪i,n̪ ũ hʷ é + t̪ i,,be.hard-INTENS:NMLR',ura_2002_lex_hard,1884,HARD,,DURO
319,SOFT,hjuhííd̺i,h j u h í í d̺ i,,,ura_2002_lex_soft,1856,SOFT,,SUAVE
320,SHOE,t̪ihja kɨd̺ɨ́,t i h j a +  k ɨ d̺ ɨ́ ,,foot' + 'recipient',ura_2002_lex_shoe,1381,SHOE,,ZAPATO
321,TURTLE,ahãũd̺í,a h ã ũ d̺ í,,,ura_2002_lex_turtle,112,TURTLE,,TORTUGA
322,BREAK (DESTROY OR GET DESTROYED),s̪uaiɲãã́,s̪ u a i + ɲ ã ã́,,break-NMLR',ura_2002_lex_break (destroy),680,BREAK (DESTROY OR GET DESTROYED),,Romper (destruir o destruir)
323,CHEEK,kan̪ĩʲã́,k a n̪ ĩʲ ã́,,,ura_2002_lex_cheek,1730,CHEEK,,MEJILLA
324,URINE,hjan̪ẽ́,h j a n̪ ẽ́,,,ura_2002_lex_urine,1142,URINE,,ORINA
325,HOE,ubaén̪ã,u b a é n̪ ã,,,ura_2002_lex_hoe,284,HOE,,AZADA
326,SMOOTH,hiʧad̪akúhʷai,h i ʧ a d̪ a k ú hʷ a i,,,ura_2002_lex_smooth,1234,SMOOTH,,LISO
327,INSIDE,kɨᶭãn̪ĩ́,k ɨᶭ ã n̪ ĩ́,,,ura_2002_lex_inside,1606,INSIDE,,DENTRO
328,SWEEP,l̪uhʷiɲãã́,l̪ u hʷ i + ɲ ã ã́,,sweep-NMLR',ura_2002_lex_sweep,230,SWEEP,,BARRER
329,LOOK,kuad̺ãn̪ã́,k u a d̺ ã + n ã́ ,,look-NMLR',ura_2002_lex_look,1819,LOOK,,MIRAR
330,BAMBOO,haɨn̪ã́,h a ɨ n̪ ã́ ,,,ura_2002_lex_bamboo,1927,BAMBOO,,BAMBÚ
331,BEAN,fud̺ut̪ú,f u d̺ u t̪ ú,,,ura_2002_lex_bean,832,BEAN,,FRIJOL
332,YAM,aʰkíí,aʰ k í í ,,,ura_2002_lex_yam,410,YAM,,BATATA
333,RICH,d̺aut̪í,d̺au-t̪í ,,"be.tasty-INTENS:NMLR'; this is RICH meaning 'be tasty', not RICH meaning 'one who has lots of money'",ura_2002_lex_rich,712,RICH,,RICO
334,HOLE,haʧɨ́,h a ʧ ɨ́,haʤɨ́,,ura_2002_lex_hole,1667,HOLE,,AGUJERO
335,PLANT (SOMETHING),t̪emɨ̃n̪ã́,t̪ e m ɨ̃ n̪ ã́,,,,1486,PLANT (SOMETHING),,PLANTAR
336,POOR,kaid̺iʰʧái,k a i d̺ iʰ ʧ á i,,,ura_2002_lex_poor,1674,POOR,,POBRE
337,LOOK FOR,ad̺iɲãã́,a d̺ i + ɲ ã ã́ ,,look.for-NMLR',ura_2002_lex_look for,1468,LOOK FOR,,BUSCAR
338,OWL,fɨn̪ã́d̺i,f ɨ n̪ ã́ d̺ i,,,ura_2002_lex_owl,735,OWL,,BÚHO
339,ELEPHANT,,,,,,1290,ELEPHANT,,ELEFANTE
340,GOLD,ud̺ʊ́,u d̺ ʊ́,,From Spanish oro,ura_2002_lex_gold,1369,GOLD,,ORO
341,BULL,,,,,,1008,BULL,,TORO
342,LAZY,bahaid̺íʰt̪i,b a h a i d̺ íʰ + t̪ i,,be.lazy-INTENS:NMLR',ura_2002_lex_lazy,1564,LAZY,,PEREZOSO
343,LIGHT (RADIATION),kun̪ṹ,k u n̪ ṹ,,,ura_2002_lex_light (radiation),630,LIGHT (RADIATION),,LUZ
344,FLAT,mãʰkad̺ad̺ú,m ãʰ k a d̺ a d̺ ú,,,ura_2002_lex_flat ,1633,FLAT,,PLANO
345,EAST,en̪ũt̪u s̪úú n̪ĩʰʧahi,e n̪ ũ t̪ u + s̪ ú ú + n̪ ĩʰ ʧ a h i,,sun' + 'get dark' + 'side',ura_2002_lex_east,1877,EAST,,ESTE
346,THREAD,s̪iʧú,s̪ i ʧ ú,,,ura_2002_lex_thread,1161,THREAD,,HILO
347,HOW MANY,iɲãt̪áhããĩ,i ɲ ã t á h ã ã + ĩ ,,how.much-PRT',ura_2002_lex_how many,822,HOW MANY,,CUÁNTO
348,PISS,hjan̪ẽ́,h j a n̪ ẽ́,,,ura_2002_lex_piss,592,PISS,,ORINAR
349,WORK (LABOUR),amĩãn̪ẽ́n̪ã,a m ĩ ã n̪ ẽ́ + n̪ ã,,,ura_2002_lex_work (labour),984,WORK (LABOUR),,TRABAJO
350,WEST,en̪ũt̪u mĩt̪ɨ́ ɨɨd̺i,e n̪ ũ t̪ u + m ĩ t̪ ɨ́ + ɨ ɨ d̺ i,,sun' + 'come out' + 'edge',ura_2002_lex_west,1817,WEST,,OESTE
351,SWALLOW,kud̺uʷá,k u d̺ uʷ + á,,swallow-NMLR',ura_2002_lex_swallow,897,SWALLOW,,TRAGAR
352,HEEL,ahaarun̪ã,a h a a r u n̪ ã,,preguntar por talón,,980,HEEL,,TALÓN
353,YOUNG,en̪ãmã́n̪ãã,e n̪ ã m ã́ n̪ ã ã,,"used to refer to young men; for young women the term is ene, 'woman'",ura_2002_lex_young,1207,YOUNG,,JOVEN
354,LIP,ɨhɨaae kad̺í,ɨ h ɨ a a e + k a d̺ í ,,mouth' + 'skin',ura_2002_lex_lip,478,LIP,,LABIO
355,DUCK,an̪ãd̺í,a n̪ ã d̺ í,,,ura_2002_lex_duck,1360,DUCK,,PATO
356,YAWN,ɨd̺ajén̪ã,ɨ d̺ a j é + n̪ ã,,yawn-NMLR',ura_2002_lex_yawun,1028,YAWN,,BOSTEZAR
357,TROUSERS,l̪ebaad̺í,l̪ e b a a d̺ í,,"Probably le= 'one' baad̺i 'skin', but the semantics is obscure",ura_2002_lex_trousers,809,TROUSERS,,PANTALONES
358,SNOW,d̪ed̪e s̪akád̺i,d̪ e d̪ e + s̪ a k á d̺ i ,,sky' + 'resin',ura_2002_lex_snow,784,SNOW,,NIEVE
359,STUPID,aas̪ú,a a s̪ ú ,,,ura_2002_lex_stupid,1518,STUPID,,ESTÚPIDO
360,FIGHT,s̪un̪ãã́n̪ã,s̪ u n̪ ã ã́ + n̪ ã,,fight-NMLR',ura_2002_lex_fight,1423,FIGHT,,PELEAR
361,THING,ɹɨkɨᶭel̪é,ɹ ɨ k ɨᶭ e l̪ é,,,ura_2002_lex_thing,738,THING,,COSA
362,HEN,aʰt̪awad̺í,aʰ t̪ a w a d̺ í,,From Quechua,ura_2002_lex_hen,1514,HEN,,GALLINA
363,THORN,uhuá,u h u á ,,,ura_2002_lex_thorn,124,THORN,,ESPINA
364,BURY,kun̪ãɨ̃t̪en̪ã́,k u n̪ ã ɨ̃ t̪ e  + n̪ ã́,,be.sick-NMLR',ura_2002_lex_bury,1719,BURY,,ENTERRAR
365,SOUP,ebaʰká,e b aʰ k á,baʰká,,ura_2002_lex_soup,1547,SOUP,,SOPA
366,TIME,hãn̪ũn̪ã́ã,h ã n̪ ũ + n̪ ã́ ã,,be.light-NMLR',ura_2002_lex_time,892,TIME,,TIEMPO
367,ARRIVE,t̪ɨd̺ɨn̪ã́ã,t̪ ɨ d̺ ɨ + n̪ ã́ ã,,arrive-NMLR',ura_2002_lex_arrive,1387,ARRIVE,,LLEGAR
368,CLOTHES,kahjun̪ẽ́,k a h j u n̪ ẽ́,,,ura_2002_lex_clothes,1895,CLOTHES,,ROPA
369,NEST,bel̪aaé,b e l̪ a a é ,,,ura_2002_lex_nest,539,NEST,,NIDO
370,DO,han̪ãã́,h a + n̪ ã ã́,,do-NMLR',ura_2002_lex_do,813,DO,,HACER
371,CLEAN,s̪umãd̺ái,s̪ u m ã d̺ á + i ,,be.white-NMLR',ura_2002_lex_clean,704,CLEAN,,LIMPIO
373,GET,ed̺ɨn̪ãã́,e d̺ ɨ + n̪ ã ã́,,get-NMLR',ura_2002_lex_get,694,GET,,CONSEGUIR
374,LIFT,mĩʧɨᶭá,m ĩ ʧ ɨᶭ + á,,lift-NMLR',ura_2002_lex_lift,501,LIFT,,ELEVAR
375,LEARN,n̪ẽd̺el̪án̪ã,n̪ ẽ + d̺ e l̪ á + n̪ ã,,INTR-teach-NMLR',ura_2002_lex_learn,504,LEARN,,APRENDER
376,CHARCOAL,aáuhʷe,a á u hʷ e,,,ura_2002_lex_charcoal,1188,CHARCOAL,,CARBÓN
377,WEAVE,han̪ũhʷĩ́,h a n̪ ũ hʷ ĩ́,,,ura_2002_lex_weave,133,WEAVE,,TEJIDO
378,JUMP,hel̪ɨn̪ã́ã,h e l̪ ɨ + n̪ ã́ ã,,jump-NMLR',ura_2002_lex_jump,1829,JUMP,,SALTAR
379,BOOK,kid̺íʧa ed̺ed̺et̪án̪ãʰkai,k i d̺ í ʧ a + e d̺ e d̺ e t̪ á n̪ aʰ k a i,,,ura_2002_lex_book,963,BOOK,,LIBRO
380,OLD WOMAN,kamũt̪úhʷe,k a m ũ t̪ ú hʷ e,,,ura_2002_lex_old woman,907,OLD WOMAN,,ANCIANA
381,MONEY,kud̺íʰki,k u d̺ íʰ k i,,from Quechua qullqi ,ura_2002_lex_money,1559,MONEY,,DINERO
382,NOW,hen̪ã́,h e n̪ ã́,en̪á,,ura_2002_lex_now,1376,NOW,,AHORA
383,BATHE,n̪ẽʰkauhw̃ã́n̪ã,n̪ eʰ + k a u h w̃ ã́ + n̪ ã ,,INTR-bathe-NMLR',ura_2002_lex_bathe,138,BATHE,,BAÑARSE
384,TOWN,n̪ẽn̪ããn̪ã́hã,n̪ ẽ + n̪ ã ã + n̪ ã́ h ã,,live-NMLR-NMLR.LOC',ura_2002_lex_town,1391,TOWN,,CIUDAD
385,LICK,l̪uhuiʲaá,l̪ u h u iʲ a + á,,lick-NMLR',ura_2002_lex_lick,319,LICK,,LAMER
386,PALM OF HAND,bihjal̪ad̺íhja,b i h i  + a l̪ a d̺ í h j a,,hand' + 'chest',ura_2002_lex_palm of hand,1183,PALM OF HAND,,PALMA DE LA MANO
387,TEAR (SHRED),fʷaɨan̪ã́,fʷ a ɨ a + n̪ ã́,,tear-NMLR',ura_2002_lex_tear (shred),1735,TEAR (SHRED),,RASGAR
388,MUD,iʰt̪an̪ĩʰʧá,iʰ t̪ a n̪ ĩʰ ʧ á,,,ura_2002_lex_mud,640,MUD,,BARRO
389,ARMPIT,kuɨt̪ɨɨn̪ẽ́,k u ɨ t̪ ɨ ɨ n̪ ẽ́,,,ura_2002_lex_armpit,1886,ARMPIT,,AXILA
390,SOUTH,en̪ũt̪u mĩt̪ɨ́ ɨɨd̺i,e n̪ ũ t̪ u + m ĩ t̪ ɨ́ + ɨ ɨ d̺ i,,,ura_2002_lex_south,1595,SOUTH,,SUR
391,GUN,fis̪t̪ud̺á,f i s̪ t̪ u d̺ á,,From Spanish pistola,ura_2002_lex_gun,1566,GUN,,PISTOLA
392,WANT,hed̺en̪ã́,h e d̺ e + n̪ ã́,,want-NMLR',ura_2002_lex_want,1784,WANT,,QUERER
393,DRUM,t̪ũt̪ú,t̪ ũ t̪ ú,,,ura_2002_lex_drum,908,DRUM,,TAMBOR
394,NORTH,en̪ũt̪u mĩt̪ɨ́ nĩʧahai,e n̪ ũ t̪ u + m ĩ t̪ ɨ́ +  n ĩ ʧ a h a i,,,ura_2002_lex_north,1598,NORTH,,NORTE
395,HAIR (HEAD),kuɨʰt̪ɨd̺ihí,k u ɨʰ t̪ ɨ d̺ i + h í,,head-hair',ura_2002_lex_hair (head),2648,HAIR (HEAD),,CABELLO (CABEZA)
396,REMEMBER,kwaɨn̪ã́,k w a ɨ + n̪ ã́ ,,remember-NMLR',ura_2002_lex_remember,707,REMEMBER,,RECORDAR
397,SHEEP,,,,,,1331,SHEEP,,OVEJA
398,SIT DOWN,n̪ẽl̪aɨd̺ján̪ã,n̪ ẽ + l̪ a ɨ d̺ j á + n̪ ã,,INTR-sit.down-NMLR',ura_2002_lex_sit down,1649,SIT DOWN,,SENTARSE
399,MEET,n̪ẽkud̪úd̺jan̪ã,n̪ ẽ + k u d̪ ú d̺ j a + n̪ ã,,INTR-meet-NMLR' ;Olawsky (2006) registers the root kududja 'heap up',ura_2002_lex_meet,1831,MEET,,ENCONTRARSE
400,EAGLE,ɨɨhíd̺i,ɨ ɨ h í d̺ i,,,ura_2002_lex_eagle,1905,EAGLE,,ÁGUILA
401,SNEEZE,has̪aiɲãã́,h a s̪ a i + ɲ ã ã́,,sneeze-NMLR',ura_2002_lex_sneeze,1621,SNEEZE,,ESTORNUDO
402,BLOW (WITH MOUTH),hjeit̪un̪ã́,h j e i t̪ u + n̪ ã́ ,,blow-NMLR',ura_2002_lex_blow (with mouth),176,BLOW (WITH MOUTH),,SOPLAR (CON LA BOCA)
403,LEOPARD,han̪ũl̪ad̺í,,,,ura_2002_lex_leopard,1139,LEOPARD,,LEOPARDO
404,FAT (OBESE),t̪abɨᶭat̪í,t̪ a b ɨᶭ a + t̪ í,,be.fat-INTENS:NMLR',ura_2002_lex_fat (obese),1279,FAT (OBESE),,GORDO
405,EMPTY,kun̪ẽd̺a kuul̪ʷan̪ẽ́,k u n̪ ẽ d̺ a + k u u l̪ʷ a n̪ ẽ́,kun̪ẽd̺a kuul̪an̪ẽ́,,ura_2002_lex_empty,1624,EMPTY,,VACÍO
406,VEGETABLES,,,,,,924,VEGETABLES,,VERDURAS
407,MARKET,,,,,,633,MARKET,,MERCADO
408,KING,,,,,,1508,KING,,REY
409,GO DOWN (DESCEND),faɨn̪ãã́,f a ɨ + n̪ ã ã́,,go.down-NMLR',ura_2002_lex_go down (descend),2014,GO DOWN (DESCEND),,BAJAR
410,WIPE,kad̺ɨd̺ɨn̪ã́,k a d̺ ɨ d̺ ɨ + n ã́ ,,wipe-NMLR',ura_2002_lex_wipe,1454,WIPE,,TRAPAR
411,CLAW,n̪ĩs̪iʧuʷé,n̪ ĩ s̪ i ʧ uʷ é,,,ura_2002_lex_claw,72,CLAW,,GARRA
412,WEAK,n̪ãʰkan̪ãʰkaehíd̺i,n̪ ãʰ k a n̪ ãʰ k a e h í d̺ i,,,ura_2002_lex_weak,1601,WEAK,,DÉBIL
413,SALIVA,l̪ɨɨn̪ẽ́,l̪ ɨ ɨ n̪ ẽ́,,,ura_2002_lex_saliva,1503,SALIVA,,SALIVA
414,BLIND,mãũs̪á,m ã ũ s̪ á,,,ura_2002_lex_blind,1653,BLIND,,CIEGO
415,OLD (AGED),biɲãã́,b i ɲ ã ã́,,,ura_2002_lex_old (aged),2112,OLD (AGED),,VIEJO
416,DEAF,ɨd̺iʧus̪aé,ɨ d̺ i ʧ u s̪ a é,,,ura_2002_lex_deaf,996,DEAF,,SORDO
417,GATHER,t̪auhjan̪ã́,t̪ a u h j a + n̪ ã́ ,,gather.NMLR',ura_2002_lex_gather,7,GATHER,,RECOLECTAR
418,BANANA,fan̪ãd̺á,f a n̪ ã d̺ á,,,ura_2002_lex_banana,868,BANANA,,BANANA
419,COMB,s̪ihiɲã́,s̪ i h i ɲ ã́,,,ura_2002_lex_comb,1475,COMB,,PEINE
420,BOAT,bad̺úʰku,b a d̺ úʰ k u,,From Spanish barco,ura_2002_lex_boat,1844,BOAT,,BOTE
421,CROOKED,ɹaʰkʷaɹaʰkʷáhai,ɹ aʰ kʷ a ɹ aʰ kʷ á h a i,,,ura_2002_lex_crooked,297,CROOKED,,TORCIDO
422,STRONG,mĩhj̃ãẽn̪ẽ́ʰt̪i,m ĩ h j̃ ã ẽ n̪ ẽ́ʰ t̪ i,,,ura_2002_lex_strong,785,STRONG,,FUERTE
423,LIZARD,ʤaʰkad̺í,ʤ aʰ k a d̺ í,,,ura_2002_lex_lizard,632,LIZARD,,LAGARTO
424,COAL,aaúhʷe,a a ú hʷ e,,,ura_2002_lex_coal,2658,COAL,,CARBÓN
425,RAW,n̪ẽd̪an̪ṹ,n̪ ẽ d̪ a n̪ ṹ,,,ura_2002_lex_raw,1959,RAW,,CRUDO
426,BEAUTIFUL,kawát̪i,k a w á + t̪ i,,be.beautiful-INTENS:NMLR',ura_2002_lex_beautiful,1427,BEAUTIFUL,,HERMOSO
428,EYEBROW,n̪ũʰt̪aɨhᶭí,n̪ ũʰ t̪ a + ɨ hᶭ í,,eye-hair',ura_2002_lex_eyebrow,1173,EYEBROW,,CEJA
429,HELP,kud̺atḁhãn̪ẽn̪ã́,k u d̺ a t ḁ + h ã + n̪ ẽ + n̪ ã́,,two-DER-be-NMLR',ura_2002_lex_help,1897,HELP,,AYUDAR
430,SPOON,kuʃad̺á,k u ʃ a d̺ á,,From Spanish cuchara,ura_2002_lex_spoon,1378,SPOON,,CUCHARA
431,KIDNEY,ɾiɲũẽ́,ɾ i ɲ ũ ẽ́,,,ura_2002_lex_kidney,489,KIDNEY,,RIÑÓN
432,EXPENSIVE,kud̺ét̪i,k u d̺ é t̪ i,,,ura_2002_lex_expensive,1426,EXPENSIVE,,CARO
433,CHEAP,fʷaɨᶭéki,fʷ a ɨᶭ é k i,,,ura_2002_lex_cheap,1887,CHEAP,,BARATO
434,TOE,t̪ihja kuɨt̪ɨ́d̺i,t̪ i h j a + k u ɨ t̪ ɨ́ d̺ i,,foot' + 'head',ura_2002_lex_toe,1389,TOE,,DEDO DEL PIE
435,OLD (USED),biiɲãã́,b i i ɲ ã ã́ ,,,ura_2002_lex_old (used),2113,OLD (USED),,Viejo (usado)
436,OUTSIDE,aid̺en̪ẽ́,a i d̺ e n̪ ẽ́,,,ura_2002_lex_outside,762,OUTSIDE,,AFUERA
437,AGAIN,n̪ẽkuaɨn̪ẽẽ́ĩ,n̪ ẽ k u a ɨ n̪ ẽ ẽ́ ĩ,,,ura_2002_lex_again,204,AGAIN,,DE NUEVO
438,VEIN,kuɨʰkɨd̺es̪í,k u ɨʰ k ɨ d̺ e s̪ í,,,ura_2002_lex_vein,1924,VEIN,,VENA
439,FLOUR,,,,,,1594,FLOUR,,HARINA
440,PILLOW,biɲããṹ,b i ɲ ã ã ṹ,,,ura_2002_lex_pillow,1044,PILLOW,,ALMOHADA
441,ONION,s̪ebud̺já,s̪ e b u d̺ j á,,From Spanish cebolla,ura_2002_lex_onion,2366,ONION,,CEBOLLA
442,WAR,s̪un̪ãã́n̪ã,s̪ u + n̪ ã ã́ + n̪ ã,,kill-NMLR-NMLR',ura_2002_lex_war,935,WAR,,GUERRA
443,UNTIE,baʰt̪ɨn̪ãã́,b aʰ t̪ ɨ + n̪ ã ã́ ,,untie-NMLR',ura_2002_lex_untie,352,UNTIE,,DESATAR
444,TEACH,d̺el̪an̪ãã́,d̺ e l̪ a + n̪ ã ã́ ,,teach-NMLR',ura_2002_lex_teach,709,TEACH,,ENSEÑAR
445,DOCTOR,kaʧa kuíʧaʲd̺a,k a ʧ a + k u í ʧ aʲ + d̺a ,,person' + 'heal-NMLR',ura_2002_lex_doctor,597,PHYSICIAN,,DOCTOR
446,BURN (SOMETHING),mũkun̪ãã́,m ũ k u n̪ ã ã́,,burn-NMLR',ura_2002_lex_burn (something),141,BURN (SOMETHING),,Quemar (algo)
447,TELL,ajt̪un̪ã́,a j t̪ u + n̪ ã́,,tell-NMLR',ura_2002_lex_tell,1711,TELL,,DECIR
448,FLOAT,mũd̪ud̺ʷan̪ã́,m ũ d̪ u d̺ʷ a + n̪ ã́,,float-NMLR',ura_2002_lex_float,1574,FLOAT,,FLOTAR
449,HILL,aʰt̪an̪ẽ ɨkɨɨ́n̪ũ,aʰ t̪ a n̪ ẽ + ɨ k ɨ ɨ́ n̪ ũ,,,ura_2002_lex_hill,614,HILL,,COLINA
450,BOARD,t̪abád̺a,t̪ a b á d̺ a,,From Spanish tabla,ura_2002_lex_board,1227,BOARD,,TABLERO
451,SHY ,kas̪it̪ud̺iaá,k a s̪ i t̪ u d̺ i a á,,,ura_2002_lex_shy,3805,SHY OR ASHAMED,,TÍMIDO
452,MIDDAY,en̪ũt̪u d̺ihɨ́t̪aaĩn̪,e n̪ ũ t̪ u + d̺ i h ɨ́ t̪ a a ĩ n̪,,,ura_2002_lex_midday,12,MIDDAY,,MEDIODÍA
453,BEAR,amãn̪ãã́,a m ã + n̪ ã ã́,,take.along-NMLR',ura_2002_lex_bear,1820,BEAR,,LLEVAR
454,RIPE,kaʰt̪á,k aʰ t̪ á,,,ura_2002_lex_ripe,178,RIPE,,MADURO
455,PUT,t̪en̪ãã́,t̪ e + n̪ ã ã́ ,,put-NMLR',ura_2002_lex_put,998,PUT,,PONER
456,BROOM,l̪uhʷĩ́d̺a,l u hʷ ĩ́ + e d̺ a ,,sweep-NMLR',ura_2002_lex_broom,245,BROOM,,ESCOBA
457,EARRING,s̪ad̺is̪iʧú,s̪ a d̺ i s̪ i ʧ ú,,,ura_2002_lex_earring,770,EARRING,,ARETE
458,GOD,kan̪ã kuaɨn̪ẽ́d̺a,k a n̪ ã + k u a ɨ n̪ ẽ́ + d̺ a ,,our' + 'create-NMLR',ura_2002_lex_god,1944,GOD,,DIOS
459,BRIGHT,hikiʲáki,h i k iʲ á k i,,,ura_2002_lex_bright,679,BRIGHT,,BRILLANTE
460,LISTEN,aun̪ãn̪ã́,a u n̪ ã + n̪ ã́,,listen-NMLR',ura_2002_lex_listen,1608,LISTEN,,ESCUCHAR
461,FIFTY,s̪auki ʧṹũka,s̪ a u k i + ʧ ṹ ũ k a,,five' + 'ten'; ʧũũka comes from Quechua chunka 'ten' ,ura_2002_lex_fifty,1717,FIFTY,,CINCUENTA
462,WAKE UP,n̪ũʰkuʷá,n̪ ũʰ k uʷ + á,,wake.up-NMLR',ura_2002_lex_wake up,1602,WAKE UP,,DESPERTAR
463,TOUCH,d̪ad̪an̪ãã́,d̪ a d̪ a + n̪ ã ã́,,touch-NMLR',ura_2002_lex_touch,1892,TOUCH,,TOCAR
464,LIGHT (WEIGHT),ed̺uhʷẽẽĩ́,e d̺ u hʷ ẽ ẽ + ĩ́ ,,be.light-NMLR',ura_2002_lex_light (weight),1052,LIGHT (WEIGHT),,LIGERO
465,HAPPY,d̪aʤuẽẽĩ́,d̪ a ʤ u ẽ ẽ + ĩ́,,be.happy-NMLR',ura_2002_lex_happy,1495,HAPPY,,FELIZ
466,CENTIPEDE,l̪ababá,l̪ a b a b á,,,ura_2002_lex_centipede,1974,CENTIPEDE,,CIEMPIÉS
467,SHUT,fɨn̪ãã́,f ɨ + n̪ ã ã́ ,,shut-NMLR',ura_2002_lex_shut,1046,SHUT,,CERRAR
468,KNEEL,n̪ẽs̪eud̺ʲán̪ã,n̪ ẽ + s̪ e u d̺ʲ á + n̪ ã,,INTR-?-NMLR',ura_2002_lex_kneel,66,KNEEL,,ARRODILLARSE
469,CLOTH,kahjún̪ẽ,k a h j ú n̪ ẽ,,,ura_2002_lex_cloth,1616,CLOTH,,PAÑO
470,WASH (ONESELF),n̪ẽʰkauhʷán̪ã,n̪ ẽʰ + k a u hʷ á + n̪ ã,,INTR-wash-NMLR',ura_2002_lex_wash (oneself),3371,WASH (ONESELF),,Lavar (uno mismo)
471,DIVIDE,l̪ed̺un̪ãã́,l̪ e d̺ u + n̪ ã ã́ ,,divide-NMLR',ura_2002_lex_divide,1119,DIVIDE,,DIVIDIR
472,SILVER,kuɹíʰki,k u ɹ íʰ k i ,,From Quechua qullqui,ura_2002_lex_silver,759,SILVER,,PLATA
473,LIFE,iʧaun̪ã́,i ʧ a u + n̪ ã́,,live-NMLR',ura_2002_lex_life,210,LIFE,,VIDA
474,BUTTOCKS,haiʤɨᶭan̪ẽ́ mẽd̺i,h a i ʤ ɨᶭ a n̪ ẽ́ + m ẽ d̺ i,,?+face',ura_2002_lex_buttocks,834,BUTTOCKS,,NALGAS
475,REST,n̪ẽbeʰt̪akán̪ãã,n̪ ẽ + b eʰ t̪ a k á + n̪ ã ã,,INTR-relax-NMLR',ura_2002_lex_rest,168,REST,,DESCANSAR
476,TENDON,,,,,,1137,TENDON,,TENDÓN
477,BRIDGE,hed̺ahaun̪ããn̪ãhã́,h e d̺ a h a u + n̪ ã ã + n̪ ã h ã́ ,,cross-NMLR-NMLR.LOC',ura_2002_lex_bridge,1011,BRIDGE,,PUENTE
478,RAINING OR RAIN,el̪ú,e l̪ ú,,,ura_2002_lex_raining or rain,2108,RAINING OR RAIN,,Lloviendo o lluvia
479,LADDER,in̪ĩjãn̪ã́ha,i n̪ ĩ j ã + n̪ ã́ h a,,go.up-NMLR',ura_2002_lex_ladder,1464,LADDER,,ESCALERA
480,BASKET,umãd̺í,u m ã d̺ í,,,ura_2002_lex_basket,1539,BASKET,,CESTA
481,KNOW,kuit̪ɨʰkɨn̪ãã́,k u i t̪ ɨʰ k ɨ + n̪ ã ã́,,know-NMLR',ura_2002_lex_know,3626,KNOW,,SABER
482,UNDRESS,kahjun̪ẽ d̺ukún̪ã,k a h j u n̪ ẽ + d̺ u k ú + n̪ ã,,clothes' + 'pull.out-NMLR',ura_2002_lex_undress,1755,UNDRESS,,SACARSE LA ROPA
483,GUEST,kut̪iʲan̪ũhũĩ́,k u t̪ iʲ a + n̪ ũ h ũ + ĩ́,,call-NMLR-NMLR',ura_2002_lex_guest,1782,GUEST,,INVITADO
484,FOOD,l̪en̪ũn̪ẽ́,l̪ e n̪ ũ n̪ ẽ́,,,ura_2002_lex_food,256,FOOD,,ALIMENTO
485,POUND,,,,,,354,POUND,,LIBRA
486,ROOF,d̺ai n̪ãl̪ú,d̺ a i + n̪ + ã l̪ ú,,POS' + '3-leaf'; roofs are made from leaves ,ura_2002_lex_roof,769,ROOF,,TECHO
487,SHIT (DEFECATE),,,,,,676,SHIT (DEFECATE),,DEFECAR
488,NAPE (OF NECK),n̪ɨ̃l̪ɨn̪ṹ,n̪ ɨ̃ l̪ ɨ n̪ ṹ,,,ura_2002_lex_nape (of neck),1347,NAPE (OF NECK),,NUCA)
489,SHOW,kuad̺at̪en̪ãã́,k u a d̺ a t̪ e + n̪ ã ã́,, 'show-NMLR',ura_2002_lex_show,1039,SHOW,,ESPECTÁCULO
490,KICK,fat̪ian̪ãã́,f a t̪ i a + n̪ ã ã́,,kick-NMLR',ura_2002_lex_kick,1135,KICK,,PATEAR
491,POUR,beʰt̪ɨn̪ãã́,b eʰ t̪ ɨ + n̪ ã ã́,,pour-NMLR',ura_2002_lex_pour,1487,POUR,,VERTER
492,NO,aiʲei,a iʲ e i,,,ura_2002_lex_no,1269,NO,,NO
493,STRENGTH,n̪ẽn̪ɨ̃hɨᶭí,n̪ ẽ n̪ ɨ̃ h ɨᶭ í,,,ura_2002_lex_strenght,202,STRENGTH,,FORTALEZA
494,CUT (WITH AXE),s̪aɨn̪ãã́,s̪ a ɨ + n̪ ã ã́,,cut-NMLR',ura_2002_lex_cut (with axe),3151,CUT (WITH AXE),,Cortar (con hacha)
495,STAND UP,n̪ĩʤaɨd̺án̪ã,n̪ ĩ ʤ a ɨ d̺ á + n̪ ã,,stand.up-NMLR',ura_2002_lex_stand up,570,STAND UP,,PONERSE DE PIE
496,HAT,as̪iʲú,a s̪ iʲ ú,,,ura_2002_lex_hat,771,HAT,,SOMBRERO
497,FINISH,s̪at̪un̪ũt̪en̪ã́,s̪ a t̪ u n̪ ũ t̪ e + n̪ ã́,,finish-NMLR',ura_2002_lex_finish,1766,FINISH,,FINALIZAR
498,GHOST,kas̪iʧáʲ,k a s̪ i ʧ áʲ,,,ura_2002_lex_ghost,1175,GHOST,,FANTASMA
499,GOURD,fukú,f u k ú ,,,ura_2002_lex_gourd,411,GOURD,,CALABAZA
500,EVENING,han̪ũt̪ĩĩ,h a n̪ ũ + t̪ ĩ ĩ,,be.dark-INTENS-NMLR',ura_2002_lex_evening,1629,EVENING,,NOCHE
501,OIL (ORGANIC SUBSTANCE),ed̺en̪ẽ́,e d̺ e n̪ ẽ́,,,ura_2002_lex_oil (organic substance),1484,OIL (ORGANIC SUBSTANCE),,Aceite (sustancia orgánica)
502,MUSHROOM,umãd̺ú,u m ã d̺ ú,,,ura_2002_lex_mushroom,641,MUSHROOM,,CHAMPIÑÓN
503,LOW,eʰkué,eʰ k u é,,,ura_2002_lex_low,721,LOW,,BAJO
504,POT,darue,d a r u e,,,,1462,POT,,MACETA
505,FEW,kud̺at̪aháhai,k u d̺ a t̪ a h á h a i,,,ura_2002_lex_few,1242,FEW,,POCOS
506,PEPPER,l̪en̪ũn̪ẽ has̪ís̪i,l̪ e n̪ ũ n̪ ẽ + h a s̪ í s̪ i,,food' + 'mix',ura_2002_lex_pepper,1385,PEPPER,,PIMIENTA
507,KISS,l̪uit̪un̪ã́,l̪ u i t̪ u + n̪ ã́,,kiss-NMLR',ura_2002_lex_kiss,578,KISS,,BESAR
508,SORGHUM,,,,,,347,SORGHUM,,SORGO
509,SWEET POTATO,aʰkií,aʰ k i í,,,ura_2002_lex_sweet potato,159,SWEET POTATO,,CAMOTE
510,VOICE,ed̺é,e d̺ é,,,ura_2002_lex_voice,1363,VOICE,,VOZ
511,CHILI PEPPER,en̪ɨ̃hᶭekɨn̪ãĩ́,e n̪ ɨ̃ hᶭ e + k ɨ n̪ ã + ĩ́,,chili' + 'hurt-NMLR' ,ura_2002_lex_chili pepper,919,CHILI PEPPER,,AJÍ PICANTE
512,DEEP,as̪ããɨ̃́,a s̪ ã ã ɨ̃́,,,ura_2002_lex_deep,1593,DEEP,,PROFUNDO
513,HIDE (CONCEAL),as̪iɲãã́,a s̪ i + ɲ ã ã́,,hide-NMLR',ura_2002_lex_hide (conceal),602,HIDE (CONCEAL),,Esconder (ocultar)
514,COOKED RICE,ad̺us̪ú en̪ũãl̪an̪ũũĩ,a d̺ u s̪ ú + e n̪ ũ ã l̪ a + n̪ ũ ũ ĩ,,rice' + 'cook-NMLR',ura_2002_lex_cooked rice,1191,COOKED RICE,,ARROZ COCIDO
515,GIVE BIRTH,kan̪ããn̪ãĩ han̪ũʷã́n̪ã,k a n̪ ã ã n̪ ã ĩ + h a n̪ ũʷ ã́ + n̪ ã,,child' + 'give.birth-NMLR',ura_2002_lex_give birth,1195,GIVE BIRTH,,DAR A LUZ
516,GRAVE,aʰt̪an̪ẽbán̪ã,aʰ t̪ a n̪ ẽ + b á n̪ ã,,land' + 'time'; también significa cementerio,ura_2002_lex_grave,1773,GRAVE,,TUMBA
517,WASP,en̪ããɨ̃d̺ɨ́,e n̪ ã ã ɨ̃ d̺ ɨ́,,,ura_2002_lex_wasp,1517,WASP,,AVISPA
518,CATCH,mɨ̃kɨn̪ãã,m ɨ̃ k ɨ + n̪ ã ã,,catch-NMLR',ura_2002_lex_catch,702,CATCH,,CAPTURAR
519,DEER,id̺ií,i d̺ i í ,,,ura_2002_lex_deer,1936,DEER,,CIERVO
520,PRESS,s̪ɨd̺ɨd̺ɨn̪ã́,s̪ ɨ d̺ ɨ d̺ ɨ + n̪ ã́,,press-NMLR',ura_2002_lex_press,1913,PRESS,,PRESIONAR
521,SHARPEN (SOMETHING),ahjan̪ãã́,a h j a + n̪ ã ã́ ,,sharp-NMLR',ura_2002_lex_sharpen (something),251,SHARPEN (SOMETHING),,Afilar (algo)
522,FARM,ɨkɨᶭá,ɨ k ɨᶭ á,,,ura_2002_lex_farm,201,FARM,,GRANJA
523,GRASSHOPPER,s̪is̪ĩĩ́ʧu,s̪ i s̪ ĩ ĩ́ ʧ u,,,ura_2002_lex_load,607,GRASSHOPPER,,SALTAMONTES
524,LOAD,baihʲan̪ã́,b a i hʲ a + n̪ ã́,,load-NMLR',ura_2002_lex_mouse,1679,LOAD,,CARGAR
525,MOUSE,s̪á,s̪ á,,,ura_2002_lex_make,1491,MOUSE,,RATÓN
526,MAKE,han̪ãã́,h a + n̪ ã ã́,,make-NMLR',ura_2002_lex_ground,734,MAKE,,HACER
527,GROUND,aʰt̪án̪ẽ,aʰ t̪ á n̪ ẽ,,,ura_2002_lex_weak,2159,GROUND,,TIERRA
528,FILL,mẽmũãn̪ã́,m ẽ m ũ ã + n̪ ã́,,fill-NMLR',ura_2002_lex_fill,2006,FILL,,LLENAR
529,LANGUAGE,ed̺en̪ãã́,e d̺ e + n̪ ã ã́,,talk-NMLR',ura_2002_lex_language,1307,LANGUAGE,,IDIOMA
530,WINDOW,aʰkɨ ɨhɨᶭa háʤɨ,aʰ k ɨ + ɨ h ɨᶭ a + h á ʤ ɨ ,,?+?+hole',ura_2002_lex_window,1375,WINDOW,,VENTANA
531,HALT (STOP),ʤɨhɨd̺an̪ã́,ʤ ɨ h ɨ d̺ a + n̪ ã́,,stop-NMLR',ura_2002_lex_halt (stop),2880,HALT (STOP),,PARAR
532,TEAR (OF EYE),n̪ũʰt̪a baʰká,n̪ ũʰ t̪ a + b aʰ k á,,eye' + 'ASC-water',ura_2002_lex_tear (of eye),1651,TEAR (OF EYE),,Lágrima (de ojo)
533,PARROT,an̪ũd̺í,a n̪ ũ d̺ í,,,ura_2002_lex_parrot,882,PARROT,,LORO
534,LEAD (GUIDE),ben̪ãã́,b e + n̪ ã ã́,,lead-NMLR',ura_2002_lex_lead (guide),43,LEAD (GUIDE),,GUIAR
535,TRUE,es̪in̪ããẽ́,e s̪ i n̪ ã ã ẽ́,,,ura_2002_lex_verdadero,1657,TRUE,,VERDADERO
536,GARDEN,ahen̪ã t̪emɨ̃l̪é,a h e n̪ ã + t̪ e m ɨ̃ l̪ é,,leaf' + 'plant',ura_2002_lex_garden,586,GARDEN,,JARDÍN
537,WRITE,l̪aen̪ãn̪ã́,l̪ a e n̪ ã + n̪ ã́,,write-NMLR',ura_2002_lex_write,1672,WRITE,,ESCRIBIR
538,CHIEFTAIN,kukʷaɲã́n̪ãʰkai,k u kʷ a ɲ ã́ n̪ ãʰ k a i,,,ura_2002_lex_chieftain,301,CHIEFTAIN,,JEFE / APU
539,FLEA,,,,,,232,FLEA,,PULGA
540,REMAIN,kɨn̪ẽn̪ãã́,k ɨ n̪ ẽ + n̪ ã ã́,,remain-NMLR',ura_2002_lex_remain,987,REMAIN,,PERMANECER
541,FRY,t̪ɨkɨᶭɨn̪ã,t̪ ɨ k ɨᶭ ɨ + n̪ ã,,fry-NMLR',ura_2002_lex_fry,991,FRY,,FREÍR
542,CARRY,amãn̪ãã́,a m ã + n̪ ã ã́,,carry-NMLR',ura_2002_lex_carry,700,CARRY,,LLEVAR
543,BAG,bud̺ús̪a,b u d̺ ú s̪ a,,From Spanish bolsa,ura_2002_lex_bag,2468,BAG,,BOLSA
544,SQUIRREL,n̪ãl̪ɨᶭé,n̪ ã l̪ ɨᶭ é,,,ura_2002_lex_squirrel,1628,SQUIRREL,,ARDILLA
545,LION,han̪ũl̪ad̺í l̪an̪ãhí,h a n̪ ũ l̪ a d̺ í + l̪ a n̪ ã h í,,jaguar' + 'red',ura_2002_lex_lion,1386,LION,,LEÓN
546,TIGER,han̪ũl̪ad̺í,h a n̪ ũ l̪ a d̺ í,,"This is the term for 'jaguar', there is no tiger in the Amazon, but the word tigre in Amazonian Spanish is used for 'jaguar'",ura_2002_lex_jaguar,846,TIGER,,TIGRE
547,BEHIND,han̪ũd̺iʰke,h a n̪ ũ d̺ iʰ k e,,,ura_2002_lex_behind,1686,BEHIND,,DETRÁS
548,PLACE (POSITION),n̪ẽẽn̪ãhã́,n̪ ẽ ẽ n̪ ã h ã́,,,ura_2002_lex_place (position),723,PLACE (POSITION),,Lugar (posición)
549,HEALTHY,ɹaud̺ɨn̪ã́,ɹ a u d̺ ɨ n̪ ã́,,,ura_2002_lex_healthy,1364,HEALTHY,,SALUDABLE
550,SONG,n̪ẽn̪ãt̪én̪ã,n̪ ẽ n̪ ã t̪ é + n̪ ã,,sing-NMLR',ura_2002_lex_song,1096,SONG,,CANCIÓN
551,SOUL,s̪ɨɨhᶭí,s̪ ɨ ɨ hᶭ í,,,ura_2002_lex_soul,811,SOUL,,ALMA
552,SWORD,,,,,,1535,SWORD,,ESPADA
553,DRY UP,hakud̺un̪ṹ,h a k u d̺ u n̪ ṹ,,,ura_2002_lex_dry up,1786,DRY UP,,SECARSE
555,POSSUM,ad̺ul̪ád̺i,a d̺ u l̪ á d̺ i,,,ura_2002_lex_possum,470,POSSUM,,ZARIGÜEYA
556,TERMITE,d̺iʰt̪ué,d̺ iʰ t̪ u é,,,ura_2002_lex_termite,883,TERMITE,,TERMITA
557,SNORE,ad̺ad̺an̪ã́,a d̺ a d̺ a + n̪ ã́,,snore-NMLR',ura_2002_lex_snore,1983,SNORE,,RONCAR
558,BOIL (OF LIQUID),bad̺ɨᶭa,b a d̺ ɨᶭ + a,,boil-NMLR',ura_2002_lex_boil (of liquid),792,BOIL (OF LIQUID),,HERVIR
559,CATTLE,baʰka,b aʰ k a,,From Spanish vaca 'cow',ura_2002_lex_cattle,1153,CATTLE,,GANADO
560,RING,an̪ĩʧú,a n̪ ĩ ʧ ú,,From Spanish anillo,ura_2002_lex_ring,1374,RING,,ANILLO
561,PERSPIRE OR SWEAT,d̪ud̺an̪ã́n̪ã,d̪ u d̺ a n̪ ã́ + n̪ ã,,sweat-NMLR',ura_2002_lex_perspire or sweat,2458,PERSPIRE OR SWEAT,,SUDAR
562,GO OUT,mĩʰt̪ɨn̪ãã́,m ĩʰ t̪ ɨ + n̪ ã ã́ ,,go.out-NMLR',ura_2002_lex_go out,1107,GO OUT,,SALIR
563,SEIZE,ɹɨl̪ɨn̪ãã́ ,ɹ ɨ l̪ ɨ + n̪ ã ã́  ,,seize-NMLR',ura_2002_lex_seize,855,SEIZE,,APROVECHAR
564,ANIMAL,t̪aibin̪ããẽ́,t̪ a i b i n̪ ã ã ẽ́,,,ura_2002_lex_animal,619,ANIMAL,,ANIMAL
565,UGLY,ʃaúhi,ʃ a ú h i,,,ura_2002_lex_ugly,1548,UGLY,,FEO
566,LEAVE,ɹat̪id̺in̪ãã́,ɹ a t̪ i d̺ i + n̪ ã ã́ ,,leave-NMLR',ura_2002_lex_leave,1752,LEAVE,,DEJAR
567,ANSWER,t̪un̪ũd̺an̪ã́,t̪ u n̪ ũ d̺ a + n̪ ã́,,answer-NMLR',ura_2002_lex_answer,1275,ANSWER,,RESPUESTA
568,MONTH,baʰt̪en̪ẽ́,b + aʰ t̪ e n̪ ẽ́,,ASC-moon',ura_2002_lex_month,1370,MONTH,,MES
569,CHAIR,n̪ẽl̪aɨd̺ian̪ã́n̪ãha,n̪ ẽ l̪ a ɨ d̺ i a n̪ ã́ + n̪ ã h a,,INTRAN-sit-NMLR.LOC',ura_2002_lex_chair,1476,CHAIR,,SILLA
570,STRIKE,fʷauit̪un̪ã́,fʷ a u i t̪ u + n̪ ã́,,strike-NMLR',ura_2002_lex_strike,353,STRIKE,,GOLPEAR
571,SHOUT,aɨᶭaún̪ã,a ɨᶭ a ú + n̪ ã,,shout-NMLR',ura_2002_lex_shout,715,SHOUT,,GRITAR
572,WELL,kawát̪ĩĩ,k a w á + t̪ ĩ + ĩ,,be.good-INTENS-NMLR',ura_2002_lex_well,954,WELL,,BIEN
573,VERY,hat̪aaĩ,h a t̪ a a ĩ,,,ura_2002_lex_very,1311,VERY,,MUY
574,THATCH OR ROOF,kũũd̺i,k ũ ũ d̺ i,,,ura_2002_lex_thatch or roof,2100,THATCH OR ROOF,,TECHO
575,SHIRT,kubid̺í,k u b i d̺ í,,,ura_2002_lex_shirt,1622,SHIRT,,CAMISA
576,ENEMY,kut̪ait̪ud̺á,k u t̪ a i t̪ u d̺ á,,"Probably from the root kutai 'scold', the suffix -tu 'NMLR:INT and the agentive suffix -ra",ura_2002_lex_enemy,1358,ENEMY,,ENEMIGO
577,ISLAND,,,,,,622,ISLAND,,ISLA
578,PRICE,kud̺é,k u d̺ é,,,ura_2002_lex_price,657,PRICE,,PRECIO
579,CASSAVA,l̪aan̪ṹ,l̪ a a n̪ ṹ ,,,ura_2002_lex_cassava,925,CASSAVA,,YUCA
580,DAY (24 HOURS),han̪ũn̪ã́,h a n̪ ũ n̪ ã́,,,ura_2002_lex_day (24 hours),1260,DAY (24 HOURS),,Día (24 horas)
581,MIDDLE,kaʰt̪aaɨ̃́,k aʰ t̪ a a ɨ̃́,,,ura_2002_lex_middle,1093,MIDDLE,,MEDIO
582,TABLE,mẽẽs̪á,m ẽ ẽ s̪ á,,From Spanish mesa,ura_2002_lex_table,1775,TABLE,,MESA
583,RAIN (RAINING),ɨᶭá el̪ú,ɨᶭ á + e l̪ ú,,come' + 'rain',ura_2002_lex_rain (raining),1253,RAIN (RAINING),,LLOVER
584,DEITY,kan̪ã kuaɨn̪ẽ́d̺a,k a n̪ ã + k u a ɨ n̪ + ẽ́ d̺ a,,1PL' + 'create-NMLR'; this is understood as the Christian god,ura_2002_lex_deity,3231,DEITY,,DEIDAD
585,SUGAR CANE,hjad̺an̪ĩhí kahé n̪ẽn̪ã́ as̪ukad̺ú,h j a d̺ a n̪ ĩ h í + k a h é + n̪ ẽ n̪ ã́ + a s̪ u k a d̺ ú,,"cane' + 'from' + as̪ukad̺ú + 'be'; comes from Spanish azúcar; in use, hjad̺an̪ĩhí can stand alone to mean 'sugar cane'",ura_2002_lex_sugar cane,146,SUGAR CANE,,CAÑA DE AZÚCAR
586,TOGETHER,hin̪ĩĩkĩĩ́,h i n̪ ĩ ĩ k ĩ ĩ́,,,ura_2002_lex_together,2482,TOGETHER,,JUNTOS
587,LARVA,mãmĩ́,m ã m ĩ́,,,ura_2002_lex_larva,2640,LARVA,,LARVA
588,CALL,kuʰt̪jan̪ã́,k uʰ t̪ j a + n̪ ã́,,call-NMLR',ura_2002_lex_call,1084,CALL,,LLAMAR
589,WRAP,kun̪ããn̪ã́,k u n̪ ã ã + n̪ ã́,,wrap-NMLR',ura_2002_lex_wrap,1113,WRAP,,ENVOLTURA
590,WORD,ed̺en̪ãã́,e d̺ e + n̪ ã ã́,,speak-NMLR',ura_2002_lex_word,1599,WORD,,PALABRA
591,SHIVER,d̺ihihihján̪ẽn̪ã,d̺ i h i h i h j á n̪ ẽ + n̪ ã,,shiver-NMLR',ura_2002_lex_shiver,52,SHIVER,,TEMBLAR
592,TARO,,,,,,351,TARO,,ÑAME
593,GOOSE,,,,,,1187,GOOSE,,GANSO
594,WOLF,,,,,,522,WOLF,,LOBO
595,FIELD,aʰt̪án̪ẽ,aʰ t̪ á n̪ ẽ ,,,ura_2002_lex_field,212,FIELD,,CAMPO
596,CHILD (YOUNG HUMAN),kan̪ããn̪ãĩ́,k a n̪ ã ã n̪ ã ĩ́,,,ura_2002_lex_child,1304,CHILD (YOUNG HUMAN),,Niño (humano joven)
597,BUILD,han̪ãã́,h a + n̪ ã ã́,,build-NMLR',ura_2002_lex_build,1840,BUILD,,CONSTRUIR
598,BUSH,umãn̪ẽ́,u m ã n̪ ẽ́,,,ura_2002_lex_bush,1683,BUSH,,ARBUSTO
599,THIN (SLIM),had̺eheéd̺i,h a d̺ e h e é d̺ i,,,ura_2002_lex_thin (slim),1400,THIN (SLIM),,DELGADA
600,SEND,l̪eʰt̪uan̪ãã́,l̪ eʰ t̪ u a + n̪ ã ã́,,send-NMLR',ura_2002_lex_send,1127,SEND,,ENVIAR
601,WALL (OF HOUSE),l̪ud̺ed̺i bɨ́hɨᶭa,l̪ u d̺ e d̺ i + b ɨ́ h ɨᶭ a,,house+cover',ura_2002_lex_wall (of house),933,WALL (OF HOUSE),,Muro (de la casa)
602,PICK UP,mĩʤɨn̪ãã́,m ĩ ʤ ɨ + n̪ ã ã́,,pick.up-NMLR',ura_2002_lex_pick up,371,PICK UP,,LEVANTAR
603,PINE,,,,,,1740,PINE,,PINO
604,EARTHWORM,ɨʰkas̪í,ɨʰ k a s̪ í,,,ura_2002_lex_earthworm,2350,EARTHWORM,,LOMBRIZ
605,BEFORE,n̪ãhĩn̪j̃ã́,n̪ ã h ĩ n̪ j̃ ã́,,,ura_2002_lex_before,1882,BEFORE,,ANTES
606,SIDE,heed̺á,h e e d̺ á,,,ura_2002_lex_side,682,SIDE,,LADO
607,ANGRY,ubaén̪ã,u b a é n̪ ã,,,ura_2002_lex_angry,1826,ANGRY,,ENOJADO
608,GRIND,l̪ihjan̪ãã́,l̪ i h j a + n̪ ã ã́ ,,grind-NMLR',ura_2002_lex_grind,1033,GRIND,,MOLER
609,DYE,kul̪ut̪en̪ã́,k u l̪ u t̪ e + n̪ ã́,,dye-NMLR',ura_2002_lex_dye,157,DYE,,TEÑIR
610,PUMPKIN,fukú,f u k ú,,,ura_2002_lex_pumpkin,864,PUMPKIN,,CALABAZA
611,MIRROR,esfʷehú,e s fʷ e h ú,,From Spanish espejo,ura_2002_lex_mirror,1171,MIRROR,,ESPEJO
612,TASTE (SOMETHING),kuɨhɨn̪ãã́,k u ɨ h ɨ + n̪ ã ã́,,taste-NMLR',ura_2002_lex_taste,21,TASTE (SOMETHING),,PROBAR (DE SABOR)
613,POST,n̪ɨ̃hɨᶭá,n̪ ɨ̃ h ɨᶭ á,,,ura_2002_lex_post,281,POST,,POSTE
614,ALONE,hel̪aí,h e l̪ a í,,,ura_2002_lex_alone,1964,ALONE,,SOLO
615,EASY,kãĩt̪aí,k ã ĩ t̪ a í,,,ura_2002_lex_easy,686,EASY,,FÁCIL
616,LETTER,kid̺íʧa,k i d̺ í ʧ a,,"From Quechua qillqa 'text, writing'; it also means 'book' in Urarina",ura_2002_lex_letter,1612,LETTER,,CARTA
617,FROST,,,,,,2034,FROST,,ESCARCHA
618,SICKLE,,,,,,341,SICKLE,,HOZ
619,DIFFICULT,kaĩt̪át̪i,k a ĩ t̪ á - t̪ i,,be.difficult-INTENS:NMLR',ura_2002_lex_difficult,584,DIFFICULT,,DIFÍCIL
620,RAM,,,,,,1344,RAM,,OVEJA MACHO
621,SMELL,d̺iɲãn̪ãã́,d̺ i ɲ ã + n̪ ã ã́,,smell-NMLR',ura_2002_lex_smell,2124,SMELL,,OLER
622,OLD MAN,biɲãá,b i ɲ ã á,,,ura_2002_lex_old man,406,OLD MAN,,ANCIANO
623,HIGH,fed̺uʷad̺í,f e d̺ uʷ a d̺ í,,,ura_2002_lex_high,1265,HIGH,,ALTO
624,RABBIT,,,,,,1136,RABBIT,,CONEJO
625,TEA,,,,,,1373,TEA,,TÉ
626,REPAIR,d̺ɨʰkɨᶭen̪ã́,d̺ ɨʰ k ɨᶭ e + n̪ ã́,,repair-NMLR',ura_2002_lex_repair,2243,REPAIR,,REPARAR
627,ANKLE,t̪aiʧú,t̪ a i ʧ ú,,,ura_2002_lex_ankle,803,ANKLE,,TOBILLO
628,BELIEVE,es̪en̪ẽt̪an̪ã́,e s̪ e n̪ ẽ t̪ a + n̪ ã́,,believe',ura_2002_lex_believe,1890,BELIEVE,,CREER
629,DISEASE,kɨn̪ã́i,k ɨ n̪ ã́ i,,,ura_2002_lex_disease,1986,DISEASE,,ENFERMEDAD
630,COVER,kun̪ããn̪ã́,k u n̪ ã ã + n̪ ã́,,cover-NMLR',ura_2002_lex_cover,761,COVER,,CUBRIR
631,AFTER,,,,,,1685,AFTER,,DESPUÉS
632,STORY,wit̪akɨʰn̪ɨ̃́ka,w i t̪ a k ɨʰ n̪ ɨ̃́ k a,,,ura_2002_lex_story,2060,STORY,,HISTORIA
633,LOCK,fʷen̪ãã́,fʷ e + n̪ ã ã́,,lock-NMLR',,1596,LOCK,,CERRAR
634,CALF,,,,,,1989,CALF,,BECERRO
635,SOAP,haboṍ,h a b o ṍ ,,From Spanish jabón,ura_2002_lex_soap,788,SOAP,,JABÓN
636,SPIN,d̺eʰt̪en̪ãã́,d̺ eʰ t̪ e + n̪ ã ã́,,spin-NMLR',ura_2002_lex_spin,121,SPIN,,GIRAR
637,EARLY,han̪ṹn̪ẽ,h a n̪ ṹ n̪ ẽ,,,ura_2002_lex_early,672,EARLY,,TEMPRANO
638,MISTAKE,fʷaeɾé,fʷ a e ɾ é,,,ura_2002_lex_mistake,1293,MISTAKE,,ERROR
639,MALE GOAT,,,,,,2475,MALE GOAT,,CHIVO
640,PAINFUL,kun̪ãt̪ĩĩ́,k u n̪ ã + t̪ ĩ + ĩ́ ,,hurt-INTENS-NMLR',ura_2002_lex_painful,1129,PAINFUL,,DOLOROSO
641,POINTED,ahiɲãʰt̪í,a h i ɲ ãʰ t̪ í,,,ura_2002_lex_pointed,372,POINTED,,PUNTIAGUDO
642,READ,ed̺ed̺eʰt̪an̪ãã́,e d̺ e d̺ eʰ t̪ a + n̪ ã ã́,,read-NMLR',ura_2002_lex_read,724,READ,,LEER
643,PUT ON,t̪en̪ãã́,t̪ e + n̪ ã ã́,,put on-NMLR',ura_2002_lex_put on,158,PUT ON,,PONERSE
644,WORLD,,,,,,965,WORLD,,MUNDO
645,BREAK (OF ROPE),,,,,,460,BREAK (OF ROPE),,Romper (de cuerda)
646,SLEEVE,,,,,,2953,SLEEVE,,MANGA
647,HATE,uʰt̪aiɲãã́,uʰ t̪ a i + ɲ ã ã́,,hate-NMLR',ura_2002_lex_hate,1607,HATE,,ODIAR
648,DILIGENT,,,,,,2077,DILIGENT,,DILIGENTE
649,THIN (OF SHAPE OF OBJECT),hʲun̪ũẽ́ki,hʲ u n̪ ũ ẽ́ k i,,,ura_2002_lex_thin ,2249,THIN (OF SHAPE OF OBJECT),,Delgado (de forma del objeto)
650,CHAMELEON,fʷueɾán̪ũ,fʷ u e ɾ á n̪ ũ,,,ura_2002_lex_chameleon,1555,CHAMELEON,,CAMALEÓN
651,SHIELD,,,,,,1064,SHIELD,,BLINDAJE
652,HANG UP,dʒaʰt̪uɾukan̪ãã́,dʒ aʰ t̪ u ɾ u + k a + n̪ ã ã́,,be.hanging-DER-NMLR',ura_2002_lex_hang up,357,HANG UP,,COLGAR
653,OFTEN,,,,,,1852,OFTEN,,A MENUDO
654,HAWK,,,,,,307,HAWK,,HALCÓN
655,FAMILY,n̪ãd̺aí,n̪ ã d̺ a í,,,ura_2002_lex_family,194,FAMILY,,FAMILIA
656,BOX,,,,,,1465,BOX,,CAJA
657,CHANGE,kud̺en̪ãã́,k u d̺ e + n̪ ã ã́,,change-NMLR',ura_2002_lex_change,1264,CHANGE,,CAMBIAR
658,BE,aiɲãã́,a i + ɲ ã ã́,,be-NMLR',ura_2002_lex_be,1579,BE,,SER
659,LIKE,d̺aiʰt̪an̪ãã́,d̺ a iʰ t̪ a + n̪ ã ã́,,like-NMLR',ura_2002_lex_like,1117,LIKE,,GUSTAR
660,STINKING,s̪aiɲãt̪í,s̪ a i ɲ ã + t̪ í,,stink-INTENS:NMLR',ura_2002_lex_stinking,42,STINKING,,MALOLIENTE
661,PAIN,kɨn̪ã́,k ɨ n̪ ã́,,,ura_2002_lex_pain,1783,PAIN,,DOLOR
662,ASK (REQUEST),bahan̪ãã́,b a h a + n̪ ã ã́,,ask-NMLR',ura_2002_lex_ask (request),1828,ASK (REQUEST),,Preguntar (solicitud)
663,FEVER,s̪iʰtʒuʷé,s̪ iʰ tʒ uʷ é,,,ura_2002_lex_fever,1534,FEVER,,FIEBRE
664,FISHHOOK,kaʰt̪aí,k aʰ t̪ a í,,,ura_2002_lex_fishhook,1074,FISHHOOK,,ANZUELO
665,MISPLACE,n̪ĩʰt̪ahen̪ãã́,n̪ ĩʰ t̪ a h e + n̪ ã ã́,,misplace-NMLR',ura_2002_lex_misplace,3072,MISPLACE,,PERDER
666,IMMEDIATELY,l̪ed̺ekuʰt̪aɾiĩ́,l̪ e d̺ e k uʰ t̪ a ɾ i ĩ́ ,,,ura_2002_lex_immediately,1963,IMMEDIATELY,,INMEDIATAMENTE
667,PATH,bed̺ú,b e d̺ ú,,,ura_2002_lex_path,2252,PATH,,CAMINO
668,UNDERSTAND,aun̪ãn̪ã́,a u n̪ ã + n̪ ã́,,understand-NMLR',ura_2002_lex_understand,1536,UNDERSTAND,,ENTENDER
669,WAIST,s̪iʰt̪uú,s̪ iʰ t̪ u ú ,,,ura_2002_lex_waist,1681,WAIST,,CINTURA
670,"DWELL (LIVE, RESIDE)",n̪ẽn̪ãã́,n̪ ẽ + n̪ ã ã́,,exist-NMLR',ura_2002_lex_dwell,363,"DWELL (LIVE, RESIDE)",,"Habitar (vivir, residir)"
671,BUCKET,,,,,,2052,BUCKET,,BALDE
672,SHALLOW,iʰtʒɨɰá,iʰ tʒ ɨ ɰ á,,,ura_2002_lex_shallow,193,SHALLOW,,POCO PROFUNDO
673,PUS,fʷuɨl̪é,fʷ u ɨ l̪ é,,,ura_2002_lex_pus,1808,PUS,,PUS
674,SHAKE,l̪iaan̪ãã́,l̪ i a a + n̪ ã ã́,,move-NMLR',ura_2002_lex_shake,1909,SHAKE,,AGITAR
675,TOAD,d̪ad̺í,d̪ a d̺ í,,,ura_2002_lex_toad,894,TOAD,,SAPO
676,FRESHWATER EEL,as̪ɨ́,a s̪ ɨ́,,,ura_2002_lex_freshwater eel,1013,FRESHWATER EEL,,Anguila de agua dulce
677,TUMBLE (FALL DOWN),kumũn̪ãã́,k u m ũ + n̪ ã ã́,,fall.down-NMLR',ura_2002_lex_tumble (fall down),2894,TUMBLE (FALL DOWN),,CAER
678,WALKING STICK,n̪ẽn̪ẽd̺á,n̪ ẽ n̪ ẽ d̺ á,,,ura_2002_lex_walking stick,1296,WALKING STICK,,BASTÓN
679,AGE,ahaan̪ãã́,a h a a n̪ ã ã́,,,ura_2002_lex_age,1789,AGE,,EDAD
680,SEPARATE,kud̺iae t̪akahe n̪ẽn̪ã́,k u d̺ i a e + t̪ a k a h e + n̪ ẽ n̪ ã́ ,,distance' + '?' + '?',ura_2002_lex_separate,1359,SEPARATE,,SEPARADO
681,QUIVER (FOR ARROWS),,,,,,995,QUIVER (FOR ARROWS),,CARCAJ (DEPÓSITO PARA FLECHAS)
682,BETWEEN,,,,,,689,BETWEEN,,ENTRE
683,COMB (VERB),kuʰt̪ud̺uhí n̪ãl̪an̪ãã́,k uʰ t̪ u d̺ u h í + n̪ ã l̪ a + n̪ ã ã́ ,,hair' + 'drop-NMLR',ura_2002_lex_comb (verb),2070,COMB (VERB),,PEINAR
684,SMALLPOX,ʃad̺aafʷí,ʃ a d̺ a a fʷ í,,,ura_2002_lex_smallpox,1054,SMALLPOX,,VIRUELA
685,GARLIC,ahuús̪u,a h u ú s̪ u,,From Spanish ajo ,ura_2002_lex_garlic,2368,GARLIC,,AJO
686,DRY SEASON,jakun̪ã́,j a k u n̪ ã́,,,ura_2002_lex_dry season,452,DRY SEASON,,ESTACIÓN SECA
687,RAINY SEASON,el̪u n̪ẽhen̪ãã́,e l̪ u + n̪ ẽ h e + n̪ ã ã́,,rain' + '?' + NMLR ,ura_2002_lex_rainy season,453,RAINY SEASON,,TEMPORADA DE LLUVIAS
688,DONKEY,,,,,ura_2002_lex_donkey,1862,DONKEY,,BURRO
689,SALTY,kuʰt̪ebet̪iĩ́,k uʰ + t̪ e b e + t̪ i + ĩ́,,ASC-salt-INTENS-NMLR',ura_2002_lex_salty,1091,SALTY,,SALADO
690,SPEECH,ed̺en̪ãã́,e d̺ e + n̪ ã ã́ ,,"speak-NMLR'; typically, edenaa means 'word'",ura_2002_lex_speech,1115,SPEECH,,DISCURSO
691,PESTLE,l̪ud̺iá,,,,ura_2002_lex_pestle,225,PESTLE,,MAJADERO
692,SINK (DESCEND),n̪ãl̪an̪ãã́,n̪ ã l̪ a + n̪ ã ã́,,drop-NMLR',ura_2002_lex_sink (descend),1088,SINK (DESCEND),,HUNDIR
693,EAGLE OR HAWK,hiuhíd̺i,h i u h í d̺ i,,,ura_2002_lex_eagle or hawk,2683,EAGLE OR HAWK,,Águila o halcón
694,FEED,kud̺aat̪en̪ãã́,k u d̺ a a t̪ e + n̪ ã ã́ ,,feed-NMLR',ura_2002_lex_feed,739,FEED,,ALIMENTAR
696,BURNING,ahaat̪í,a h a a t̪ í,,,ura_2002_lex_burning,1428,BURNING,,QUEMANTE
697,FIND,han̪ĩɲã́,h a n̪ ĩ + ɲ ã́,,find-NMLR',ura_2002_lex_find,719,FIND,,ENCONTRAR
698,COUNTRY,n̪ẽs̪é,n̪ ẽ s̪ é ,,,ura_2002_lex_country,1300,COUNTRY,,PAÍS
699,CAMP,,,,,,1105,CAMP,,ACAMPAR
700,YES,eehé,e e h é ,,,ura_2002_lex_yes,1268,YES,,SÍ
701,LEECH,mãhiaɾád̺i,m ã h i a ɾ á d̺ i,,,ura_2002_lex_leech,2273,LEECH,,SANGUIJUELA
702,SPARROW,t̪ihia bád̺u,t̪ i h i a + b á d̺ u,,ankle' + 'ball'; metaphoric,ura_2002_lex_sparrow,1854,SPARROW,,GORRIÓN
703,VULVA,,,,,,1837,VULVA,,VULVA
704,BEGIN,n̪ɨ̃n̪ɨ̃ɨ̃t̪en̪ãã́,n̪ ɨ̃ n̪ ɨ̃ ɨ̃ t̪ e + n̪ ã ã́ ,,begin-NMLR',ura_2002_lex_begin,1806,BEGIN,,COMENZAR
705,CUP,,,,,,476,CUP,,TAZA
706,PEEL,ed̺uʷen̪ãã́,e d̺ uʷ e n̪ ã ã́ ,,,ura_2002_lex_peel,275,PEEL,,CÁSCARA
707,THINK (REFLECT),kuaɨn̪ã́,k u a ɨ + n̪ ã́ ,,think-NMLR',ura_2022_lex_think,1415,THINK (REFLECT),,PENSAR
708,CURE,kuiʧan̪ã́,k u i ʧ a n̪ ã́,,,ura_2022_lex_cure,499,CURE,,CURAR
709,BEGIN OR START,n̪ɨ̃n̪ɨ̃ẽt̪en̪ã́,n̪ ɨ̃ n̪ ɨ̃ ẽ t̪ e + n̪ ã́ á ,,begin-NMLR',ura_2022_lex_begin,3447,BEGIN OR START,,Comenzar o comenzar
710,FRAGRANT,ɨhɨhíhʲai,ɨ h ɨ h í hʲ a i,,,ura_2022_lex_fragrant,376,FRAGRANT,,FRAGANTE
711,NAIL (TOOL),,,,,,502,NAIL (TOOL),,Uñas (herramienta)
712,BAY,,,,,,663,BAY,,BAHÍA
713,LIE (REST),n̪ẽl̪ud̺án̪ã,n̪ ẽ + l̪ u d̺ á + n̪ ã,,INTR-lie-NMLR',ura_2022_lex_lie (rest),1411,LIE (REST),,ECHARSE
714,DREAM,s̪in̪ĩ́,s̪ i n̪ ĩ́ ,,,ura_2022_lex_dream,2374,DREAM,,SUEÑO
715,WIN,amɨ̃d̺it̪un̪ãã́,a m ɨ̃ d̺ i t̪ u + n̪ ã ã́,,win-NMLR',ura_2022_lex_win,866,WIN,,GANAR
716,SUMMER,hjakun̪ã́,h j a k u n̪ ã́ ,,,ura_2022_lex_summer,1342,SUMMER,,VERANO
717,CRAWL,t̪ihjad̺un̪ã́,t̪ i h j a d̺ u + n̪ ã́,,crawl-NMLR',ura_2022_lex_crawl,96,CRAWL,,GATEAR
718,FLEE,s̪ud̺un̪ã́,s̪ u d̺ u + n̪ ã́ ,,flee-NMLR',ura_2022_lex_flee,956,FLEE,,HUIR
719,PIERCE,haʤɨn̪ã́,h a ʤ ɨ + n̪ ã́,,make.hole-NMLR',ura_2022_lex_pierce,398,PIERCE,,PERFORAR
720,WINTER,el̪un̪ẽhen̪ã́,e l̪ u + n̪ ẽ + h e n̪ ã́,,,ura_2022_lex_winter,1471,WINTER,,INVIERNO
721,TEACHER,kaʧaɹel̪áed̺a,k a ʧ a + ɹ e l̪ á + e d̺ a,,man teach-NMLR',ura_2022_lex_teacher,1038,TEACHER,,MAESTRO
722,SAW,,,,,,1948,SAW,,SERRUCHO
723,FOX,ad̺ul̪ád̺i,a d̺ u l̪ á d̺ i,,This is the name for possum; there is no fox,ura_2022_lex_possum,1312,FOX,,ZORRO
724,NIT,aʰt̪ad̺i t̪áhe,aʰ t̪ a d̺ i + t̪ á h e,,lice' + 'egg',ura_2022_lex_nit,267,NIT,,LIENDRE
725,BOOMERANG,,,,,,135,BOOMERANG,,BUMERANG
726,ROAST (SOMETHING),ahain̪ũn̪ã́,a h a i n̪ ũ + n̪ ã́ ,,roast-NMLR',ura_2022_lex_roast,1962,ROAST (SOMETHING),,ASAR
727,POISON,kud̺ái,k u d̺ á i,,,ura_2022_lex_poison,655,POISON,,VENENO
728,EDGE,n̪ãɨ̃ᶭã́,n̪ ã ɨ̃ᶭ ã́,,,ura_2022_lex_edge,863,EDGE,,BORDE
729,RISE (MOVE UPWARDS),,,,,,568,RISE (MOVE UPWARDS),,ASCENDER
730,MELT,t̪ɨkakãã́,t̪ ɨ k a + k ã ã́,,melt-NMLR',ura_2022_lex_melt,2334,MELT,,DERRETIR
731,IRRIGATE,,,,,,3078,IRRIGATE,,IRRIGAR
732,SPICY,kɨn̪ã́ãt̪i,k ɨ n̪ ã́ ã + t̪ i,,hurt-INTENS:NMLR',ura_2022_lex_spicy,544,SPICY,,CONDIMENTADO/PICANTE
733,LIGHT (IGNITE),is̪i mũkún̪ã,i s̪ i + m ũ k ú n̪ ã,,fire' + 'light',ura_2022_lex_light (ignite),737,LIGHT (IGNITE),,ENCENDER FUEGO
734,INSECT,kɨs̪iɲãhã́ed̺a,k ɨ s̪ i + ɲ ã h ã́ + e d̺ a,,bite-PL.OBJ-NMLR',ura_2022_lex_insect,620,INSECT,,INSECTO
735,AUBERGINE,,,,,,1146,AUBERGINE,,BERENJENA
736,WRONG,n̪ũãn̪ẽ́n̪ã,n̪ ũ ã n̪ ẽ́ n̪ ã,,,ura_2022_lex_wrong,1390,WRONG,,EQUIVOCADO
737,UNCOOKED RICE,ad̺us̪u n̪ũd̪án̪ũ,a d̺ u s̪ u + n̪ ũ d̪ á n̪ ũ,,This is a literal translation,ura_2022_lex_uncooked rice,3289,UNCOOKED RICE,,ARROZ CRUDO
738,HOOF,ɨs̪iʰtʃuʷé,ɨ s̪ iʰ tʃ uʷ é,,Same as fingernail,,152,HOOF,,CASCO
739,DOWN,eʰkuái,eʰ k u á i,,,ura_2022_lex_down,1326,DOWN,,ABAJO
740,WOUND,n̪ẽs̪aɨ́,n̪ ẽ s̪ a ɨ́,,,ura_2022_lex_wound,1109,WOUND,,HERIDA
741,FREEZE,hel̪ad̺un̪ãã́ ; hel̪ad̺uan̪ãã́ ,h e l̪ a d̺ u + n̪ ã ã́ ,,freeze-NMLR',ura_2022_lex_freeze 1 ; ura_2022_lex_freeze 2,1431,FREEZE,,CONGELAR
742,BLANKET,n̪ĩʃuhan̪ãã́n̪ãhã,n̪ + ĩ ʃ u h a n̪ ã ã́ + n̪ ã h ã ,,INT-wrap.up-NMLR.LOC',ura_2022_lex_blanket,806,BLANKET,,FRAZADA
743,BRING,ɨᶭan̪ãã́,ɨᶭ a + n̪ ã ã́ ,,bring-NMLR',ura_2022_lex_bring,692,BRING,,TRAER
744,DRAW MILK,kaet̪un̪ã́,k a e t̪ u n̪ ã́ ,,,ura_2022_lex_draw milk,93,DRAW MILK,,ORDEÑAR
745,WHICH,ʤad̺ihí,ʤ a d̺ i h í,,,ura_2022_lex_which,727,WHICH,,CUÁL
746,UP,ekɨ̃ɨ̃́,e k ɨ̃ ɨ̃́,,,ura_2022_lex_up,1591,UP,,ARRIBA
747,RIDE,,,,,,367,RIDE,,CONDUCIR
748,SPRING (OF WATER),,,,,,849,SPRING (OF WATER),,Primavera (de agua)
749,FENCE,,,,,,1690,FENCE,,CERCA
750,IDOL,,,,,,1945,IDOL,,ÍDOLO
751,IN FRONT OF,,,,,,1883,IN FRONT OF,,DELANTE DE
752,WHY,ʤan̪ɨ̃n̪ã́,ʤ a n̪ ɨ̃ n̪ ã́,,,ura_2022_lex_why,1270,WHY,,POR QUÉ
753,SOUND OR NOISE,t̪un̪ihiaí,t̪ u n̪ i h i a í,,,ura_2022_lex_sound,1811,SOUND OR NOISE,,Sonido o ruido
754,MILLET,,,,,,931,MILLET,,MIJO
755,THUMB,bihi kuɨʰt̪ɨ́d̺i,b i h i + k u ɨʰ t̪ ɨ́ d̺ i ,,hand' + 'head',ura_2002_lex_thumb,1781,THUMB,,PULGAR
756,NASAL MUCUS (SNOT),n̪ãs̪i baʰká,n̪ ã s̪ i + b aʰ k á,,"nose' + 'soup'; baʰká means 'soup', but it probably derived from akaɨ́ 'water'",ura_2002_lex_nasal mucus,208,NASAL MUCUS (SNOT),,Moco nasal (mocos)
757,JOIN,iʰt̪ake t̪ɨd̺an̪ãã,iʰ t̪ a k e + t̪ ɨ d̺ a n̪ ã ã,,,ura_2002_lex_join,1743,JOIN,,UNIR
758,BRACELET,bihil̪éd̺a,b i h i + l̪ é d̺ a,,hand-NMLR',ura_2002_lex_bracelet,1754,BRACELET,,PULSERA
759,FOAM,l̪ahá,l̪ a h á ,,,ura_2002_lex_foam,1768,FOAM,,ESPUMA
760,BECAUSE,,,,,,1157,BECAUSE,,PORQUE
761,BORROW,,,,,,1823,BORROW,,PRETARSE
762,FIR,,,,,,1915,FIR,,ABETO
763,PEOPLE,kaʤá,k a ʤ á,,,ura_2002_lex_people,789,PEOPLE,,GENTE
764,SCOLD,kut̪aiɲãã́,k u t̪ a i + ɲ ã ã́ ,,scold-NMLR',ura_2002_lex_scold,299,SCOLD,,REGAÑAR
765,SWEAT (SUBSTANCE),d̪ud̺an̪ã́,d̪ u d̺ a n̪ ã́,,,ura_2002_lex_sweat (substance),125,SWEAT (SUBSTANCE),,SUDOR
766,EVIL,t̪aibiɲããẽ́,t̪ a i b i ɲ ã ã ẽ́ ,,,ura_2002_lex_evil,45,EVIL,,DEMONIO
767,CUCUMBER,,,,,,496,CUCUMBER,,PEPINO
768,EMU,,,,,,2817,EMU,,EMÚ
769,BABY,kan̪ããn̪ãĩ́,k a n̪ ã ã n̪ ã ĩ́,,,ura_2002_lex_baby,1289,BABY,,BEBÉ
770,PAY,kud̺et̪en̪ã́,k u d̺ e t̪ e + n̪ ã́,,pay-NMLR',ura_2002_lex_pay,718,PAY,,PAGAR
771,DAY AFTER TOMORROW,ed̺es̪i kuhuán̪ũ,e d̺ e s̪ i + k u h u á n̪ ũ,, 'tomorrow' + 'next.day',ura_2002_lex_day after tomorow,1179,DAY AFTER TOMORROW,,PASADO MAÑANA
772,RESCUE,,,,,,2008,RESCUE,,RESCATAR
773,TESTICLES,kɨl̪é,k ɨ l̪ é,,,ura_2002_lex_testicles,797,TESTICLES,,Testículos
774,PREGNANT,aɨs̪id̺in̪ẽ́n̪ã,a ɨ s̪ i d̺ i n̪ ẽ́ + n̪ ã,, 'be.pregnant-NMLR',ura_2002_lex_pregnant,1123,PREGNANT,,EMBARAZADA
775,STRANGER,kuit̪ɨkɨd̺aái,k u i t̪ ɨ k ɨ + d̺ a á + i,,know-NMLR-NEG',ura_2002_lex_stranger,791,STRANGER,,EXTRAÑO
776,BUTTER,ed̺éen̪ẽ,e d̺ é e n̪ ẽ,,,ura_2002_lex_butter,1245,BUTTER,,MANTECA
777,DIGGING STICK,aʰt̪an̪ẽ bahén̪ããn̪ãha en̪ɨ̃ã,aʰ t̪ a n̪ ẽ + b a h é n̪ ã ã +n̪ ã h a + e n̪ ɨ̃ ã,,land' + 'dig-NMLR.LOC' + 'wood',ura_2002_lex_digging stick,339,DIGGING STICK,,PALO PARA EXCAVAR
778,CUT (WITH SCISSORS),saɨn̪ãã́,s a ɨ + n̪ ã ã́ ,,cut-NMLR',ura_2002_lex_cut (with scissors),2155,CUT (WITH SCISSORS),,Cortar (con tijeras)
779,BLIND PERSON,mãũs̪á,m ã ũ s̪ á,,,ura_2002_lex_blind person,457,BLIND PERSON,,CIEGO
780,HOOK,,,,,,1071,HOOK,,GANCHO
781,WHEAT,,,,,,1077,WHEAT,,TRIGO
782,SHAMAN (FOLK HEALER),kaʤa kuitʒáʲd̺a,k a ʤ a + k u i tʒ áʲ + d̺ a,,people' + 'heal-NMLR',ura_2002_lex_shaman (folk healer),394,SHAMAN (FOLK HEALER),,CHAMÁN
783,MOVE,ɹɨd̺ɨᶭan̪ã́,ɹ ɨ d̺ ɨᶭ a + n̪ ã́,,move-NMLR',ura_2002_lex_move,765,MOVE,,MOVER
784,COLLAR,n̪ɨ̃l̪ɨn̪ṹ,n̪ ɨ̃ l̪ ɨ n̪ ṹ,,,ura_2002_lex_collar,2012,COLLAR,,CUELLO
785,FOWL,t̪ahaé,t̪ a h a é,,,ura_2002_lex_fowl,265,FOWL,,AVE
786,BARKING,hauhaún̪ã,h a u h a ú + n̪ ã,,bark-NMLR',ura_2002_lex_barking,1206,BARKING,,LADRIDO
787,WILLOW,,,,,,818,WILLOW,,SAUCE
788,VAGINA,haí,h a í,,,ura_2002_lex_vagina,1836,VAGINA,,VAGINA
789,TRAP (PITFALL),biʰt̪uuá,b iʰ t̪ u u á,,,ura_2002_lex_trap (pitfall),1075,TRAP (PITFALL),,TRAMPA
790,BECOME,d̺ut̪un̪ãã́,d̺ u t̪ u + n̪ ã ã́,,become-NMRL',ura_2002_lex_become,1990,BECOME,,CONVERTIRSE
791,ITCH,ɹɨkait̪un̪ã́,ɹ ɨ k a i t̪ u + n̪ ã́,,itch-NMLR',ura_2002_lex_itch,148,ITCH,,PICAR (EL CUERPO)
792,CLEVER,kuit̪ɨkɨt̪ud̺á,k u i t̪ ɨ k ɨ + t̪ u + d̺ á ,,know-INTENS-NMLR',ura_2002_lex_clever,1310,CLEVER,,INTELIGENTE
793,DITCH,aʰt̪an̪ẽ bahẽn̪ũhʷĩ́,aʰ t̪ a n̪ ẽ + b a h ẽ + n̪ ũ hʷ + ĩ́,,land' + 'dig-NMLR-NMLR',ura_2002_lex_ditch,2002,DITCH,,ZANJA
794,HOME,n̪ẽn̪ãn̪ãã́hã,n̪ ẽ n̪ ã + n̪ ã ã́ h ã,,dwell-NMLR.LOC',ura_2002_lex_home,2406,HOME,,HOGAR
795,CAP,as̪iʲú,a s̪ iʲ ú,,,ura_2002_lex_cap,1288,CAP,,GORRA
796,SUGAR,as̪ukad̺ú,a s̪ u k a d̺ ú,,From Spanish azúcar,ura_2002_lex_sugar,862,SUGAR,,AZÚCAR
797,FOLLOW,s̪akɨn̪ãã́,s̪ a k ɨ + n̪ ã ã́,,follow-NMLR',ura_2002_lex_follow,1085,FOLLOW,,SEGUIR
798,BELT,iʰʧud̺á,iʰ ʧ u + d̺ á ,,tie-NMLR',ura_2002_lex_belt,772,BELT,,CORREA
799,DRUNK,ahen̪ãã́,a h e + n̪ ã ã́,,get.drunk-NMLR',ura_2002_lex_drunk,1463,DRUNK,,EBRIO
800,THUNDER (VERB),ad̺ad̺án̪ã,a d̺ a d̺ á + n̪ ã,,thunder-NMLR',ura_2002_lex_thunder (verb),2378,THUNDER (VERB),,TRONAR
801,DENSE,s̪et̪iʲáki,s̪ e t̪ iʲ á k i,,,ura_2002_lex_dense,2239,DENSE,,DENSO
802,LAST (FINAL),s̪at̪un̪ṹ,s̪ a t̪ u n̪ ṹ,,,ura_2002_lex_last (final),1529,LAST (FINAL),,ÚLTIMO
803,FLAME,is̪í,i s̪ í,,,ura_2002_lex_flame,889,FLAME,,LLAMA (DE FUEGO)
804,RICE,ad̺ús̪u,a d̺ ú s̪ u,,From Spanish arroz,ura_2002_lex_rice,926,RICE,,ARROZ
805,HUNGER,mĩhĩt̪en̪ã́,m ĩ h ĩ t̪ e + n̪ ã́,,be.hungry-NMLR',ura_2002_lex_hunger,1864,HUNGER,,HAMBRE
806,SHINE,hikiʲakúʷa,h i k iʲ a k úʷ + a,,shine-NMLR',ura_2002_lex_shine,708,SHINE,,BRILLAR
807,CHAIN,kɨn̪ã́ãt̪i,k ɨ n̪ ã́ ã t̪ i,,,,1627,CHAIN,,CADENA
808,SHIN,fed̺ú,f e d̺ ú,,,ura_2002_lex_shin,186,SHIN,,CANILLA
809,ROW,,,,,,1849,ROW,,FILA
810,KEY,ʤabí,ʤ a b í,,From Spanish llave,ura_2002_lex_key,1472,KEY,,LLAVE
811,CUT DOWN,s̪ɨhian̪ãã́,s̪ ɨ h i a + n̪ ã ã́,,cut down-NMLR',ura_2002_lex_cut down,355,CUT DOWN,,REDUCIR
812,INCREASE,huun̪ã́,h u u + n ã́ ,,increase-NMLR',ura_2002_lex_increase,1041,INCREASE,,AUMENTAR
813,FLOWING BODY OF WATER,ɨkɨᶭé,ɨ k ɨᶭ é,,,ura_2002_lex_flowing body of water,3311,FLOWING BODY OF WATER,,RÍO
814,TOP,eʰkɨ̃ɨ̃́,eʰ k ɨ̃ ɨ̃́,,,ura_2002_lex_top,1753,TOP,,ARRIBA
815,FUR,ɨhɨᶭí,ɨ h ɨᶭ í,,,ura_2002_lex_fur,580,FUR,,PELO
816,PAPER,kid̺íʧa,k i d̺ í ʧ a,,From Quechua,ura_2002_lex_paper,648,PAPER,,PAPEL
817,EARTHQUAKE,kad̺úd̺a,k a d̺ ú d̺ a,,,ura_2002_lex_earthquake,6,EARTHQUAKE,,TERREMOTO
818,VULTURE,,,,,,1185,VULTURE,,BUITRE
819,STOOL,ɨhɨᶭé,ɨ h ɨᶭ é,,,ura_2002_lex_stool,2058,STOOL,,HECES
820,TASTY,ɹaut̪í,ɹ a u t̪ í,,,ura_2002_lex_stool,1813,TASTY,,SABROSO
821,PADDLE,kihʲá,k i hʲ á,,,ura_2002_lex_paddle,234,PADDLE,,REMO
822,JAW,kan̪ĩʲã bɨkɨ́,k a n̪ ĩʲ ã + b ɨ k ɨ́,,,ura_2002_lex_jaw,798,JAW,,MANDÍBULA
823,SNAIL,ed̺ud̺í,e d̺ u d̺ í,,,ura_2002_lex_snail,1543,SNAIL,,CARACOL
824,MEASURE,kuɨhɨn̪ãt̪en̪ãã́,k u ɨ h ɨ n̪ ã t̪ e + n̪ ã ã́,,measure-NMLR',ura_2002_lex_measure,1506,MEASURE,,MEDIR
825,CONNECT,t̪ukun̪ãã́,t̪ u k u + n̪ ã ã́,,connect-NMLR',ura_2002_lex_connect,2862,CONNECT,,CONECTAR
826,ONCE (IN THE PAST),l̪es̪ahíke,l̪ e s̪ a h í k e,,,ura_2002_lex_once (in the past),2914,ONCE (IN THE PAST),,Una vez (en el pasado)
827,HEAVEN,d̪ed̪é,d̪ e d̪ é,,,ura_2002_lex_heaven,1565,HEAVEN,,CIELO
828,SACRIFICE,,,,,,1103,SACRIFICE,,SACRIFICIO
829,BEG,bahan̪ãã́,b a h a + n̪ ã ã́,,beg-NMLR',ura_2002_lex_beg,3534,BEG,,MENDIGAR
830,IVORY,,,,,,3800,IVORY,,MARFIL
831,SHEARS,t̪ihʲed̺ás̪i,t̪ i hʲ e d̺ á s̪ i,,From Spanish tijera,ura_2002_lex_shears,356,SHEARS,,TIJERAS
832,COOKING POT,d̪ad̺uʷé,d̪ a d̺ uʷ é,,,ura_2002_lex_cooking pot,3653,COOKING POT,,OLLA
833,BEAM,fun̪ṹ,f u n̪ ṹ,,,ura_2002_lex_beam,1132,BEAM,,HAZ DE LUZ
834,BUTTON,but̪un̪ã́s̪i,b u t̪ u n̪ ã́ s̪ i,,From Spanish botón,ura_2002_lex_button,757,BUTTON,,BOTÓN
835,AUTUMN,,,,,,1276,AUTUMN,,OTOÑO
836,WITH,aʲɲã́,aʲ ɲ ã́,,,ura_2002_lex_with,1340,WITH,,CON
837,MORTAR,d̺ud̺iʲá,d̺ u d̺ iʲ á,,,ura_2002_lex_mortar,224,MORTAR,,MORTERO
838,STIR,l̪akɨn̪ãã́,l̪ a k ɨ + n̪ ã ã́,,stir-NMLR',ura_2002_lex_stir,696,STIR,,REMOVER
839,DEATH,un̪ãã́,u + n̪ ã ã́ ,,die-NMLR',ura_2002_lex_death,910,DEATH,,MUERTE
840,STRETCH,,,,,,214,STRETCH,,ESTIRAR
841,STOVE,hiɨn̪ɨ̃n̪ɨ̃n̪ã́,h i ɨ n̪ ɨ̃ n̪ ɨ̃ n̪ ã́,,,ura_2002_lex_stove,859,STOVE,,HORNO / ESTUFA
842,LIE (MISLEAD),kud̺it̪an̪ãã́,k u d̺ i t̪ a + n̪ ã ã́,,lie-NMLR',ura_2002_lex_lie (mislead),601,LIE (MISLEAD),,MENTIR
843,PALM TREE,,,,,,1181,PALM TREE,,PALMERA
844,EWE,,,,,,1345,EWE,,OVEJA HEMBRA
845,GREEDY,,,,,,2018,GREEDY,,AVARO
846,WHISTLE,fifiún̪ã,f i f i ú + n̪ ã,,whistle-NMLR',ura_2002_lex_whistle,1025,WHISTLE,,SILBAR
847,PICK,d̺an̪ãã́,d̺ a + n̪ ã ã́,,pick-NMLR',ura_2002_lex_pick,2148,PICK,,RECOGER
848,CROCODILE,ʤaʰkad̺í,ʤ aʰ k a d̺ í,,American variety (caiman - Caiman crocodilus),ura_2002_lex_crocodile,1857,CROCODILE,,COCODRILO
849,STING,ɹɨkait̪un̪ã́,ɹ ɨ k a i t̪ u + n̪ ã́,,sting-NMLR',ura_2002_lex_sting,571,STING,,PICAR
850,SAD,kaed̺et̪aén̪ã,k a e d̺ e t̪ a é + n̪ ã,,be.sad-NMLR',ura_2002_lex_sad,699,SAD,,TRISTE
851,BREAK (CLEAVE),s̪uaʲɲãã́,s̪ u aʲ + ɲ ã ã́,,break-NMLR',ura_2002_lex_break (cleave),2558,BREAK (CLEAVE),,Romper (Cleave)
852,NAKED,mãʧuʷad̺í,m ã ʧ uʷ a d̺ í ,,,ura_2002_lex_naked,590,NAKED,,DESNUDO
853,SPREAD OUT,had̺ããt̪í,h a d̺ ã ã + t̪ í ,,be.wide-INT:NMLR',ura_2002_lex_spread out,38,SPREAD OUT,,EXTENDIDO
854,STINGY,ahiʲat̺í,a h iʲ a + t̺ í,,be.sharp-INT:NMLR',ura_2002_lex_stingy,1774,STINGY,,PUNZANTE
855,CORNER,l̪aad̺ú,l̪ a a d̺ ú,,Probably from Spanish lado,ura_2002_lex_corner,192,CORNER,,ESQUINA
856,GENTLE,kawaʧan̪ĩhĩ́,k a w a ʧ a n̪ ĩ h ĩ́,,,ura_2002_lex_gentle,1954,GENTLE,,AMABLE
857,CLUB,,,,,,1763,CLUB,,CLUB
858,DIRT,d̪ad̪ɨᶭáki,d̪ a d̪ ɨᶭ á k i,,,ura_2002_lex_dirt,25,DIRT,,SUCIEDAD
859,TRUTH,es̪iɲãẽ́,e s̪ i ɲ ã ẽ́,,,ura_2002_lex_truth,1638,TRUTH,,VERDAD
860,OAR,kihʲá,k i hʲ á,,,ura_2002_lex_oar,3137,OAR,,REMO
861,FLOOR,,,,,ura_2002_lex_floor,1632,FLOOR,,PISO
862,SPADE,,,,,,1176,SPADE,,PALA
863,GUTS,,,,,,1334,GUTS,,VÍSCERAS
864,TREE TRUNK,en̪ɨ̃ᶭã t̪emɨ̃́d̺a,e n̪ ɨ̃ᶭ ã + t̪ e m ɨ̃́ d̺ a,,wood' + 'plant',ura_2002_lex_tree trunk,344,TREE TRUNK,,TRONCO DE ARBOL
865,SWAMP,kuɨt̪ɨká,k u ɨ t̪ ɨ k á,,,ura_2002_lex_swamp,1145,SWAMP,,PANTANO
866,DISH,,,,,,481,DISH,,PLATO
867,HEAT,ahad̺ún̪ã,a h a d̺ ú + n̪ ã,,be.hot-NMLR',ura_2002_lex_heat,612,HEAT,,CALOR
868,ESCAPE,n̪ĩʧut̪én̪ã,n̪ ĩ ʧ u t̪ é + n̪ ã,,escape-NMLR',ura_2002_lex_escape,1615,ESCAPE,,ESCAPAR
869,WEEK,,,,,,1469,WEEK,,SEMANA
870,PROMISE,kul̪et̪un̪ã́,k u l̪ e t̪ u + n̪ ã́,,promise-NMLR',ura_2002_lex_promise,1675,PROMISE,,PROMETER
871,DESTROY,,,,,,681,DESTROY,,DESTRUIR
872,ONLY,,,,,,1580,ONLY,,SOLO
873,AFTERWARDS,n̪ẽbája,n̪ ẽ b á j a,,,ura_2002_lex_afterwards,2093,AFTERWARDS,,DESPUÉS
874,SPOIL (BECOME SPOILED),as̪aaen̪ã́,a s̪ a a e + n̪ ã́,,spoil-NMLR',ura_2002_lex_spoil (become spoiled),569,SPOIL (BECOME SPOILED),, MALOGRARSE
875,"LID (COVER, CAP)",t̪afʷaá,t̪ a fʷ a á ,,,"ura_2002_lex_lid (cover, cap)",2319,"LID (COVER, CAP)",,"Tapa (cubierta, gorra)"
876,CALABASH,fukú,f u k ú,,,ura_2002_lex_calabash,3918,CALABASH,,CALABAZA
878,MIND,s̪ɨɨhí,s̪ ɨ ɨ h í,,,ura_2002_lex_mind,1562,MIND,,MENTE
879,DECEIVE,kud̺it̪an̪ã́,k u d̺ i t̪ a + n̪ ã́,,deceive-NMLR',ura_2002_lex_deceive,3230,DECEIVE,,ENGAÑAR
880,BREAD,fãã́,f ã ã́ ,,From Spanish pan,ura_2002_lex_bread,1368,BREAD,,PAN
881,CLAY,s̪á,s̪ á,,,ura_2002_lex_clay,1399,CLAY,,ARCILLA
882,TALK,ed̺en̪ãã́,e d̺ e + n̪ ã ã́,,talk-NMLR',ura_2002_lex_talk,2708,TALK,,HABLAR
883,LEATHER,kad̺í,k a d̺ í,,,ura_2002_lex_leather,629,LEATHER,,CUERO
884,BE ANGRY,ubaén̪ã,u b a é + n̪ ã,,get.angry-NMLR',ura_2002_lex_be angry,2223,BE ANGRY,,ESTAR ENOJADO
885,GLASS,,,,,,604,GLASS,,VASO
886,BOAST,,,,,,101,BOAST,,PRESUMIR
887,SPIRIT,s̪ɨɨhí,s̪ ɨ ɨ h í,,,ura_2002_lex_spirit,53,SPIRIT,,ESPÍRITU
888,DEMON,t̪aibiɲããẽ́,t̪ a i b i ɲ ã ã ẽ́ ,,,ura_2002_lex_demon,1973,DEMON,,DEMONIO
889,END (OF SPACE),n̪ãɨ̃ᶭá,n̪ ã ɨ̃ᶭ á,,,ura_2002_lex_end (of space),742,END (OF SPACE),,BORDE
890,STRING,kuhí,k u h í,,,ura_2002_lex_string,362,STRING,,CADENA
891,HANG,t̪ihiʧan̪ã́,t̪ i h i ʧ a + n̪ ã́,,hang-NMLR',ura_2002_lex_hang,2884,HANG,,COLGAR
892,KEEP,bed̺aʲɲãã́,b e d̺ aʲ + ɲ ã ã́,,keep-NL'R',ura_2002_lex_keep,1477,KEEP,,MANTENER
893,KNOCK,fauit̪un̪ã́,f a u i t̪ u + n̪ ã́,,knock-NMLR',ura_2002_lex_knock,2396,KNOCK,,GOLPEAR
894,DIFFERENT,n̪ehel̪aɨ́n̪ẽẽĩ,n̪ e h e l̪ a ɨ́ + n̪ ẽ ẽ + ĩ,,other.side-be-NMLR',ura_2002_lex_different,2504,DIFFERENT,,DIFERENTE
895,KNOT,n̪ĩʰʧú,n̪ ĩʰ ʧ ú,,,ura_2002_lex_knot,760,KNOT,,NUDO
896,MARE,,,,,,938,MARE,,YEGUA
897,BE ABLE,aɲã n̪ãĩ́n̪ĩã,a ɲ ã + n̪ ã ĩ́ n̪ ĩ ã,,,ura_2002_lex_be able,972,BE ABLE,,SER CAPAZ
898,FART,ɨd̺íɲẽ,ɨ d̺ í ɲ ẽ,,,ura_2002_lex_fart,1159,FART,,PEDO
899,BE BORN,n̪ãhãn̪ũʷán̪ã,n̪ ã h ã n̪ ũʷ á + n̪ ã,,be.born-NMLR',ura_2002_lex_be born,1090,BE BORN,,NACER
900,UPPER ARM,n̪ũhũãɨ̃́,n̪ ũ h ũ ã ɨ̃́,,,ura_2002_lex_upper arm,431,UPPER ARM,,PARTE SUPERIOR DEL BRAZO
901,PAINT (PIGMENTS),kul̪ú,k u l̪ ú,,,ura_2002_lex_paint (pigments),647,PAINT (PIGMENTS),,PINTURA
902,LOWER ARM,n̪ũhũã́ɨ̃,n̪ ũ h ũ ã́ ɨ̃,,,ura_2002_lex_lower arm,446,LOWER ARM,,ANTEBRAZO
903,GREY,,,,,,153,GREY,,GRIS
904,TASTE,ɹaut̪un̪ṹ,ɹ a u t̪ u n̪ ṹ,,,ura_2002_lex_taste,2190,TASTE,,GUSTO
905,FAT (FROM ANIMALS),ed̺én̪ẽ,e d̺ é n̪ ẽ,,,ura_2002_lex_fat (from animals),1282,FAT (FROM ANIMALS),,Grasa (de animales)
906,SOME,ʤɨn̪ĩkúʷa,ʤ ɨ n̪ ĩ k úʷ a,,,ura_2002_lex_some,1241,SOME,,ALGUNO
907,THEN,n̪ẽbáia,n̪ ẽ b á i a,,,ura_2002_lex_then,2921,THEN,,ENTONCES
908,AIR,kɨhɨᶭan̪ã́,k ɨ h ɨᶭ a n̪ ã́,,,ura_2002_lex_air,27,AIR,,AIRE
909,PART,hel̪aí,h e l̪ a í,,,ura_2002_lex_part,779,PART,,PARTE
910,SAME,kɨ́,k ɨ́,,,ura_2002_lex_same,200,SAME,,MISMO
911,ROUGH,,,,,,1923,ROUGH,,ÁSPERO
912,BESIDE,hin̪ĩkĩĩ́,h i n̪ ĩ k ĩ ĩ́,,,ura_2002_lex_beside,1816,BESIDE,,AL LADO DE
913,LOUD,t̪un̪ĩhʲã́ĩ,t̪ u n̪ ĩ + hʲ ã́ + ĩ,,sound-make-NMLR',ura_2002_lex_loud,377,LOUD,,RUIDOSO
914,QUIET,ɹaɨt̪uhẽẽĩ́,ɹ a ɨ t̪ u + h ẽ ẽ + ĩ́  ,,quiet-CONT-NMLR',ura_2002_lex_quiet,1314,QUIET,,TRANQUILO
915,NOTHING,aiʲeí,a iʲ e í,,,ura_2002_lex_nothing,687,NOTHING,,NADA
916,LOWER LEG,fed̺ú,f e d̺ ú,,,ura_2002_lex_lower leg,447,LOWER LEG,,PARTE INFERIOR DE LA PIERNA
917,LIGHT (COLOR),s̪umãhĩṹhʷãĩ,s̪ u m ã + h ĩ ṹ + hʷ ã + ĩ,,be.white-DER-DER-NMLR',ura_2002_lex_light (color),250,LIGHT (COLOR),,COLOR CLARO
918,SCARED,n̪ẽs̪ũn̪ẽ́n̪ã ,n̪ ẽ s̪ ũ n̪ ẽ́ + n̪ ã ,,fear-NMLR',ura_2002_lex_scared,3033,SCARED,,ASUSTADO
919,CRUSH,ʃait̪un̪ã́,ʃ a i t̪ u + n̪ ã́,,,ura_2002_lex_crush,1520,CRUSH,,APLASTAR
920,ASHAMED,kuehet̪un̪ãã́,k u e h e t̪ u + n̪ ã ã́ ,,embarras-NMLR',ura_2002_lex_ashamed,,,,AVERGONZADO
